id,flags,expiration,cas,value,rev,vbid,dtype
c9de5b0fc323b9c1ac073761cfa761e0,0,0,449478430901966,"{""build_id"": 156, ""priority"": ""P0"", ""build"": ""1.1-50414"", ""failCount"": 0, ""name"": ""iOS-Sanitytests"", ""totalCount"": 13, ""url"": ""https://macbuild.hq.couchbase.com/xcode/api/integrations/filter/latest"", ""os"": ""iOS"", ""component"": ""SANITY"", ""result"": ""SUCCESS""}",3109,0,1
66af4ac2e02a202eb30878e75a329f91,0,0,236644041959069,"{""build_id"": 698, ""priority"": ""P0"", ""name"": ""centos_x64--100_01--mobile_functional_android"", ""url"": ""http://qa.hq.northscale.net/job/centos_x64--100_01--mobile_functional_android/"", ""component"": ""FUNCTIONAL"", ""failCount"": 15, ""totalCount"": 49, ""result"": ""UNSTABLE"", ""os"": ""ANDROID"", ""build"": ""1.1-50403""}",1,0,1
cc2aa878520a610766d12e5fa0e88a10,0,0,357454657119563,"{""build_id"": 122, ""priority"": ""P0"", ""build"": ""1.1-50413"", ""failCount"": 1, ""name"": ""iOS-Unittests"", ""totalCount"": 202, ""url"": ""https://macbuild.hq.couchbase.com/xcode/api/integrations/filter/latest"", ""os"": ""iOS"", ""component"": ""UNIT"", ""result"": ""UNSTABLE""}",1,0,1
42921a2db784b1ae3cc4b5bff0e84330,0,0,323945835379908,"{""build_id"": 700, ""priority"": ""P0"", ""name"": ""centos_x64--100_01--mobile_functional_android"", ""url"": ""http://qa.hq.northscale.net/job/centos_x64--100_01--mobile_functional_android/"", ""component"": ""FUNCTIONAL"", ""failCount"": 15, ""totalCount"": 49, ""result"": ""UNSTABLE"", ""os"": ""ANDROID"", ""build"": ""1.1-50404""}",1,0,1
2beab83a9fdaeb69b6ec16d28a241aee,0,0,150308377247200,"{""build_id"": 696, ""priority"": ""P0"", ""name"": ""centos_x64--100_01--mobile_functional_android"", ""url"": ""http://qa.hq.northscale.net/job/centos_x64--100_01--mobile_functional_android/"", ""component"": ""FUNCTIONAL"", ""failCount"": 15, ""totalCount"": 49, ""result"": ""UNSTABLE"", ""os"": ""ANDROID"", ""build"": ""1.1-50402""}",1,0,1
d1a021cb1219f94eeabdab8c8d2c2a8f,0,0,418688026627388,"{""build_id"": 123, ""priority"": ""P0"", ""build"": ""1.1-50414"", ""failCount"": 1, ""name"": ""iOS-Unittests"", ""totalCount"": 202, ""url"": ""https://macbuild.hq.couchbase.com/xcode/api/integrations/filter/latest"", ""os"": ""iOS"", ""component"": ""UNIT"", ""result"": ""UNSTABLE""}",1,0,1
a8af85c6a2ff22c5c68146b6b9716745,0,0,435671637975567,"{""build_id"": 124, ""priority"": ""P0"", ""build"": ""1.1-50414"", ""failCount"": 1, ""name"": ""iOS-Unittests"", ""totalCount"": 202, ""url"": ""https://macbuild.hq.couchbase.com/xcode/api/integrations/filter/latest"", ""os"": ""iOS"", ""component"": ""UNIT"", ""result"": ""UNSTABLE""}",1,0,1
05305de496105275c8d28c486c1a4ccc,0,0,496969582804089,"{""build_id"": 704, ""priority"": ""P0"", ""name"": ""centos_x64--100_01--mobile_functional_android"", ""url"": ""http://qa.hq.northscale.net/job/centos_x64--100_01--mobile_functional_android/"", ""component"": ""FUNCTIONAL"", ""failCount"": 49, ""totalCount"": 49, ""result"": ""ABORTED"", ""os"": ""ANDROID"", ""build"": ""1.1-50406""}",3367,0,1
8c5ef55692d50670020639a9abf519a9,0,0,68525152027568,"{""build_id"": 694, ""priority"": ""P0"", ""name"": ""centos_x64--100_01--mobile_functional_android"", ""url"": ""http://qa.hq.northscale.net/job/centos_x64--100_01--mobile_functional_android/"", ""component"": ""FUNCTIONAL"", ""failCount"": 15, ""totalCount"": 49, ""result"": ""UNSTABLE"", ""os"": ""ANDROID"", ""build"": ""1.1-50401""}",1,0,1
da2ee27c025f0259c26cade17a6fd5ab,0,0,410104199989417,"{""build_id"": 702, ""priority"": ""P0"", ""name"": ""centos_x64--100_01--mobile_functional_android"", ""url"": ""http://qa.hq.northscale.net/job/centos_x64--100_01--mobile_functional_android/"", ""component"": ""FUNCTIONAL"", ""failCount"": 15, ""totalCount"": 49, ""result"": ""UNSTABLE"", ""os"": ""ANDROID"", ""build"": ""1.1-50405""}",1,0,1
5e84789f60a20885e246aa532d298804,0,0,353099727142200,"{""build_id"": 121, ""priority"": ""P0"", ""build"": ""1.1-50413"", ""failCount"": 0, ""name"": ""iOS-Unittests"", ""totalCount"": 287, ""url"": ""https://macbuild.hq.couchbase.com/xcode/api/integrations/filter/latest"", ""os"": ""iOS"", ""component"": ""UNIT"", ""result"": ""SUCCESS""}",1,0,1
3cd667c96b58b2ae1f5cd8c3558c603d,0,0,1429132576147505152,"{""build_id"": 157, ""priority"": ""P0"", ""build"": ""1.1-50415"", ""failCount"": 0, ""name"": ""iOS-Sanitytests"", ""totalCount"": 13, ""url"": ""https://macbuild.hq.couchbase.com/xcode/api/integrations/filter/latest"", ""os"": ""iOS"", ""component"": ""SANITY"", ""result"": ""SUCCESS""}",3376,0,1
228e0012272e0a360810727b75ab7df4,0,0,1429197103601614848,"{""build_id"": 706, ""priority"": ""P0"", ""name"": ""centos_x64--100_01--mobile_functional_android"", ""url"": ""http://qa.hq.northscale.net/job/centos_x64--100_01--mobile_functional_android/"", ""component"": ""FUNCTIONAL"", ""failCount"": 15, ""totalCount"": 49, ""result"": ""UNSTABLE"", ""os"": ""ANDROID"", ""build"": ""1.1-50410""}",4101,0,1
89c121f6e7ac84ae62857064f665bcd4,0,0,1429236477529751552,"{""build_id"": 159, ""priority"": ""P0"", ""build"": ""1.1-50416"", ""failCount"": 0, ""name"": ""iOS-Sanitytests"", ""totalCount"": 13, ""url"": ""https://macbuild.hq.couchbase.com/xcode/api/integrations/filter/latest"", ""os"": ""iOS"", ""component"": ""SANITY"", ""result"": ""SUCCESS""}",4124,0,1
92b02cff7055bdd57f71a426dadefb12,0,0,1429252031072174080,"{""build_id"": 708, ""priority"": ""P0"", ""name"": ""centos_x64--100_01--mobile_functional_android"", ""url"": ""http://qa.hq.northscale.net/job/centos_x64--100_01--mobile_functional_android/"", ""component"": ""FUNCTIONAL"", ""failCount"": 15, ""totalCount"": 49, ""result"": ""UNSTABLE"", ""os"": ""ANDROID"", ""build"": ""1.1-50411""}",4785,0,1
8aa7ce4143324473b9db61ef8de419d6,0,0,1429291457587838976,"{""build_id"": 5, ""priority"": ""P0"", ""build"": ""1.1-50417"", ""failCount"": 0, ""name"": ""iOS-CBLMacUnittests"", ""totalCount"": 247, ""url"": ""https://macbuild.hq.couchbase.com/xcode/api/integrations/filter/latest"", ""os"": ""iOS"", ""component"": ""UNIT"", ""result"": ""SUCCESS""}",4891,0,1
b48177b68032f5c6a501863e257d99a9,0,0,1429322687035015168,"{""build_id"": 160, ""priority"": ""P0"", ""build"": ""1.1-50417"", ""failCount"": 0, ""name"": ""iOS-Sanitytests"", ""totalCount"": 13, ""url"": ""https://macbuild.hq.couchbase.com/xcode/api/integrations/filter/latest"", ""os"": ""iOS"", ""component"": ""SANITY"", ""result"": ""SUCCESS""}",4823,0,1
ffb403a13ca31f2b65c7fe416e3ab67e,0,0,1429326290697519104,"{""build_id"": 6, ""priority"": ""P0"", ""build"": ""1.1-50417"", ""failCount"": 0, ""name"": ""iOS-CBLMacUnittests"", ""totalCount"": 247, ""url"": ""https://macbuild.hq.couchbase.com/xcode/api/integrations/filter/latest"", ""os"": ""iOS"", ""component"": ""UNIT"", ""result"": ""SUCCESS""}",4948,0,1
73a68bba2c061c8f2f40376f22ba0acb,0,0,1429369066433871872,"{""build_id"": 710, ""priority"": ""P0"", ""name"": ""centos_x64--100_01--mobile_functional_android"", ""url"": ""http://qa.hq.northscale.net/job/centos_x64--100_01--mobile_functional_android/"", ""component"": ""FUNCTIONAL"", ""failCount"": 15, ""totalCount"": 49, ""result"": ""UNSTABLE"", ""os"": ""ANDROID"", ""build"": ""1.1-50412""}",5257,0,1
0a9a0e5bb2fa63ecc0c7ed8655b00a6b,0,0,1429409181954473984,"{""build_id"": 161, ""priority"": ""P0"", ""build"": ""1.1-50418"", ""failCount"": 0, ""name"": ""iOS-Sanitytests"", ""totalCount"": 13, ""url"": ""https://macbuild.hq.couchbase.com/xcode/api/integrations/filter/latest"", ""os"": ""iOS"", ""component"": ""SANITY"", ""result"": ""SUCCESS""}",5304,0,1
432ea48ade2a3ccfab12f7f8bc200ebc,0,0,1429412185083936768,"{""build_id"": 7, ""priority"": ""P0"", ""build"": ""1.1-50418"", ""failCount"": 0, ""name"": ""iOS-CBLMacUnittests"", ""totalCount"": 247, ""url"": ""https://macbuild.hq.couchbase.com/xcode/api/integrations/filter/latest"", ""os"": ""iOS"", ""component"": ""UNIT"", ""result"": ""SUCCESS""}",5333,0,1
6abbfc8561babaf614463ef5108b363f,0,0,1429455439857385472,"{""build_id"": 712, ""priority"": ""P0"", ""name"": ""centos_x64--100_01--mobile_functional_android"", ""url"": ""http://qa.hq.northscale.net/job/centos_x64--100_01--mobile_functional_android/"", ""component"": ""FUNCTIONAL"", ""failCount"": 15, ""totalCount"": 49, ""result"": ""UNSTABLE"", ""os"": ""ANDROID"", ""build"": ""1.1-50413""}",5987,0,1
7ca2f7154cdcf75fce2baea4f5ebe063,0,0,1429495671084154880,"{""build_id"": 162, ""priority"": ""P0"", ""build"": ""1.1-50419"", ""failCount"": 0, ""name"": ""iOS-Sanitytests"", ""totalCount"": 13, ""url"": ""https://macbuild.hq.couchbase.com/xcode/api/integrations/filter/latest"", ""os"": ""iOS"", ""component"": ""SANITY"", ""result"": ""SUCCESS""}",6034,0,1
54fed87f4e5f9cca7733e8c870185d3c,0,0,1429498674259689472,"{""build_id"": 8, ""priority"": ""P0"", ""build"": ""1.1-50419"", ""failCount"": 0, ""name"": ""iOS-CBLMacUnittests"", ""totalCount"": 247, ""url"": ""https://macbuild.hq.couchbase.com/xcode/api/integrations/filter/latest"", ""os"": ""iOS"", ""component"": ""UNIT"", ""result"": ""SUCCESS""}",6064,0,1
b549724cc8a09eae07b23ee1ebfb1771,0,0,1429542702167031808,"{""build_id"": 714, ""priority"": ""P0"", ""name"": ""centos_x64--100_01--mobile_functional_android"", ""url"": ""http://qa.hq.northscale.net/job/centos_x64--100_01--mobile_functional_android/"", ""component"": ""FUNCTIONAL"", ""failCount"": 15, ""totalCount"": 49, ""result"": ""UNSTABLE"", ""os"": ""ANDROID"", ""build"": ""1.1-50414""}",6719,0,1
80164f6fc99bcc16792afda2961cf666,0,0,1429581857103675392,"{""build_id"": 163, ""priority"": ""P0"", ""build"": ""1.1-50420"", ""failCount"": 0, ""name"": ""iOS-Sanitytests"", ""totalCount"": 13, ""url"": ""https://macbuild.hq.couchbase.com/xcode/api/integrations/filter/latest"", ""os"": ""iOS"", ""component"": ""SANITY"", ""result"": ""SUCCESS""}",6761,0,1
76f1647fc8acf6de2f04d1e6736cb82c,0,0,1429585461685518336,"{""build_id"": 9, ""priority"": ""P0"", ""build"": ""1.1-50420"", ""failCount"": 0, ""name"": ""iOS-CBLMacUnittests"", ""totalCount"": 247, ""url"": ""https://macbuild.hq.couchbase.com/xcode/api/integrations/filter/latest"", ""os"": ""iOS"", ""component"": ""UNIT"", ""result"": ""SUCCESS""}",6792,0,1
893717ca00d21211b8a9028a640d582a,0,0,1429628949211709440,"{""build_id"": 716, ""priority"": ""P0"", ""name"": ""centos_x64--100_01--mobile_functional_android"", ""url"": ""http://qa.hq.northscale.net/job/centos_x64--100_01--mobile_functional_android/"", ""component"": ""FUNCTIONAL"", ""failCount"": 15, ""totalCount"": 49, ""result"": ""UNSTABLE"", ""os"": ""ANDROID"", ""build"": ""1.1-50415""}",7537,0,1
78581371494abd9a4a9ed6fd69d5733a,0,0,1429668371603980288,"{""build_id"": 164, ""priority"": ""P0"", ""build"": ""1.1-50421"", ""failCount"": 0, ""name"": ""iOS-Sanitytests"", ""totalCount"": 13, ""url"": ""https://macbuild.hq.couchbase.com/xcode/api/integrations/filter/latest"", ""os"": ""iOS"", ""component"": ""SANITY"", ""result"": ""SUCCESS""}",7558,0,1
334bf0d1f5b90417c77a3de3635e1031,0,0,1429671375169716224,"{""build_id"": 10, ""priority"": ""P0"", ""build"": ""1.1-50421"", ""failCount"": 0, ""name"": ""iOS-CBLMacUnittests"", ""totalCount"": 247, ""url"": ""https://macbuild.hq.couchbase.com/xcode/api/integrations/filter/latest"", ""os"": ""iOS"", ""component"": ""UNIT"", ""result"": ""SUCCESS""}",7597,0,1
e6cc068a3516e9bf88ec6f956ed7df70,0,0,1429715209519562752,"{""build_id"": 718, ""priority"": ""P0"", ""name"": ""centos_x64--100_01--mobile_functional_android"", ""url"": ""http://qa.hq.northscale.net/job/centos_x64--100_01--mobile_functional_android/"", ""component"": ""FUNCTIONAL"", ""failCount"": 15, ""totalCount"": 49, ""result"": ""UNSTABLE"", ""os"": ""ANDROID"", ""build"": ""1.1-50416""}",8505,0,1
8171e0fd7877fd0790d09ad3feba79e3,0,0,1429724238377189376,"{""build_id"": 139, ""priority"": ""P0"", ""build"": ""1.1-50422"", ""failCount"": 0, ""name"": ""iOS-Unittests"", ""totalCount"": 287, ""url"": ""https://macbuild.hq.couchbase.com/xcode/api/integrations/filter/latest"", ""os"": ""iOS"", ""component"": ""UNIT"", ""result"": ""SUCCESS""}",5609,0,1
33b13d581e4855f04110eb9df8fd2f43,0,0,1429754287811985408,"{""build_id"": 165, ""priority"": ""P0"", ""build"": ""1.1-50422"", ""failCount"": 0, ""name"": ""iOS-Sanitytests"", ""totalCount"": 13, ""url"": ""https://macbuild.hq.couchbase.com/xcode/api/integrations/filter/latest"", ""os"": ""iOS"", ""component"": ""SANITY"", ""result"": ""SUCCESS""}",8517,0,1
d4710c41b1db32e5e8d4fbb3b8a1ce72,0,0,1429757892093739008,"{""build_id"": 11, ""priority"": ""P0"", ""build"": ""1.1-50422"", ""failCount"": 0, ""name"": ""iOS-CBLMacUnittests"", ""totalCount"": 247, ""url"": ""https://macbuild.hq.couchbase.com/xcode/api/integrations/filter/latest"", ""os"": ""iOS"", ""component"": ""UNIT"", ""result"": ""SUCCESS""}",8548,0,1
a1ac63ec09294710a42dcb2dc0d376b3,0,0,1429801096405057536,"{""build_id"": 720, ""priority"": ""P0"", ""name"": ""centos_x64--100_01--mobile_functional_android"", ""url"": ""http://qa.hq.northscale.net/job/centos_x64--100_01--mobile_functional_android/"", ""component"": ""FUNCTIONAL"", ""failCount"": 15, ""totalCount"": 49, ""result"": ""UNSTABLE"", ""os"": ""ANDROID"", ""build"": ""1.1-50417""}",9465,0,1
ebe0c579c40c257737e869039d523b0d,0,0,1429806471702380544,"{""build_id"": 15, ""priority"": ""P0"", ""name"": ""centos_x64--100_02--mobile_unit_tests_android"", ""url"": ""http://qa.hq.northscale.net/job/centos_x64--100_02--mobile_unit_tests_android/"", ""component"": ""UNIT"", ""failCount"": 0, ""totalCount"": 291, ""result"": ""SUCCESS"", ""os"": ""ANDROID"", ""build"": ""1.1-41217""}",1967,0,1
db2a7f86d30aca21b75c346301b67020,0,0,1429837817655590912,"{""build_id"": 140, ""priority"": ""P0"", ""build"": ""1.1-50423"", ""failCount"": 0, ""name"": ""iOS-Unittests"", ""totalCount"": 289, ""url"": ""https://macbuild.hq.couchbase.com/xcode/api/integrations/filter/latest"", ""os"": ""iOS"", ""component"": ""UNIT"", ""result"": ""SUCCESS""}",9183,0,1
916665c342b01bad176e0adac533abf2,0,0,1429839020136857600,"{""build_id"": 141, ""priority"": ""P0"", ""build"": ""1.1-50423"", ""failCount"": 0, ""name"": ""iOS-Unittests"", ""totalCount"": 289, ""url"": ""https://macbuild.hq.couchbase.com/xcode/api/integrations/filter/latest"", ""os"": ""iOS"", ""component"": ""UNIT"", ""result"": ""SUCCESS""}",10468,0,1
91377d1e74915920e4ec6d7c1be56175,0,0,1429840823349346304,"{""build_id"": 166, ""priority"": ""P0"", ""build"": ""1.1-50423"", ""failCount"": 7, ""name"": ""iOS-Sanitytests"", ""totalCount"": 13, ""url"": ""https://macbuild.hq.couchbase.com/xcode/api/integrations/filter/latest"", ""os"": ""iOS"", ""component"": ""SANITY"", ""result"": ""UNSTABLE""}",9478,0,1
e6796d81c572c49a123ba33c0eb80745,0,0,1429844429492518912,"{""build_id"": 12, ""priority"": ""P0"", ""build"": ""1.1-50423"", ""failCount"": 0, ""name"": ""iOS-CBLMacUnittests"", ""totalCount"": 249, ""url"": ""https://macbuild.hq.couchbase.com/xcode/api/integrations/filter/latest"", ""os"": ""iOS"", ""component"": ""UNIT"", ""result"": ""SUCCESS""}",9518,0,1
44764f65af63a2b7c4fcc87caf1fa926,0,0,1429844850255527936,"{""build_id"": 722, ""priority"": ""P0"", ""name"": ""centos_x64--100_01--mobile_functional_android"", ""url"": ""http://qa.hq.northscale.net/job/centos_x64--100_01--mobile_functional_android/"", ""component"": ""FUNCTIONAL"", ""failCount"": 15, ""totalCount"": 49, ""result"": ""UNSTABLE"", ""os"": ""ANDROID"", ""build"": ""1.1-50418""}",10053,0,1
6ae7c2b5507c190343763a61565ea199,0,0,1429915958869688320,"{""build_id"": 143, ""priority"": ""P0"", ""build"": ""1.1-50424"", ""failCount"": 0, ""name"": ""iOS-Unittests"", ""totalCount"": 291, ""url"": ""https://macbuild.hq.couchbase.com/xcode/api/integrations/filter/latest"", ""os"": ""iOS"", ""component"": ""UNIT"", ""result"": ""SUCCESS""}",11811,0,1
84073a3507330ed985e0fcb2342ab98e,0,0,1429927381156364288,"{""build_id"": 167, ""priority"": ""P0"", ""build"": ""1.1-50424"", ""failCount"": 7, ""name"": ""iOS-Sanitytests"", ""totalCount"": 13, ""url"": ""https://macbuild.hq.couchbase.com/xcode/api/integrations/filter/latest"", ""os"": ""iOS"", ""component"": ""SANITY"", ""result"": ""UNSTABLE""}",10672,0,1
a4369354675030fd86507125d1eb18ee,0,0,1429930984565374976,"{""build_id"": 13, ""priority"": ""P0"", ""build"": ""1.1-50424"", ""failCount"": 0, ""name"": ""iOS-CBLMacUnittests"", ""totalCount"": 249, ""url"": ""https://macbuild.hq.couchbase.com/xcode/api/integrations/filter/latest"", ""os"": ""iOS"", ""component"": ""UNIT"", ""result"": ""SUCCESS""}",10751,0,1
831ca10f5149bf570ad5d170b1368fb6,0,0,1429931019626283008,"{""build_id"": 724, ""priority"": ""P0"", ""name"": ""centos_x64--100_01--mobile_functional_android"", ""url"": ""http://qa.hq.northscale.net/job/centos_x64--100_01--mobile_functional_android/"", ""component"": ""FUNCTIONAL"", ""failCount"": 15, ""totalCount"": 49, ""result"": ""UNSTABLE"", ""os"": ""ANDROID"", ""build"": ""1.1-50419""}",11641,0,1
893c66b287d501b8aa519422603c5fef,0,0,1430013322560995328,"{""build_id"": 168, ""priority"": ""P0"", ""build"": ""1.1-50425"", ""failCount"": 7, ""name"": ""iOS-Sanitytests"", ""totalCount"": 13, ""url"": ""https://macbuild.hq.couchbase.com/xcode/api/integrations/filter/latest"", ""os"": ""iOS"", ""component"": ""SANITY"", ""result"": ""UNSTABLE""}",12071,0,1
eae04f69163514d0226bd76df3c21746,0,0,1430017495229792256,"{""build_id"": 726, ""priority"": ""P0"", ""name"": ""centos_x64--100_01--mobile_functional_android"", ""url"": ""http://qa.hq.northscale.net/job/centos_x64--100_01--mobile_functional_android/"", ""component"": ""FUNCTIONAL"", ""failCount"": 15, ""totalCount"": 49, ""result"": ""UNSTABLE"", ""os"": ""ANDROID"", ""build"": ""1.1-50420""}",12487,0,1
f9553a33440b5e00c41bf606a17d85de,0,0,1430103908465836032,"{""build_id"": 728, ""priority"": ""P0"", ""name"": ""centos_x64--100_01--mobile_functional_android"", ""url"": ""http://qa.hq.northscale.net/job/centos_x64--100_01--mobile_functional_android/"", ""component"": ""FUNCTIONAL"", ""failCount"": 15, ""totalCount"": 49, ""result"": ""UNSTABLE"", ""os"": ""ANDROID"", ""build"": ""1.1-50421""}",13321,0,1
44e8365931468f4b3c3828bd20ec7177,0,0,1430145757321822208,"{""build_id"": 24, ""priority"": ""P0"", ""name"": ""couchbase-cblite-tests"", ""url"": ""http://mobile.jenkins.couchbase.com/job/couchbase-cblite-tests/"", ""component"": ""CBLITE"", ""failCount"": 74, ""totalCount"": 811, ""result"": ""UNSTABLE"", ""os"": ""CBLITE"", ""build"": ""1.1-50303""}",14035,0,1
166ef25f19a74939302d0c71192ee58e,0,0,1430145757426221056,"{""build_id"": 15, ""priority"": ""P0"", ""name"": ""couchbase-cblite-tests"", ""url"": ""http://mobile.jenkins.couchbase.com/job/couchbase-cblite-tests/"", ""component"": ""CBLITE"", ""failCount"": 813, ""totalCount"": 813, ""result"": ""SUCCESS"", ""os"": ""CBLITE"", ""build"": ""1.1-50227""}",1501,0,1
d361d6d1ed64aed24f29140bede1238c,0,0,1430190408855519232,"{""build_id"": 730, ""priority"": ""P0"", ""name"": ""centos_x64--100_01--mobile_functional_android"", ""url"": ""http://qa.hq.northscale.net/job/centos_x64--100_01--mobile_functional_android/"", ""component"": ""FUNCTIONAL"", ""failCount"": 15, ""totalCount"": 49, ""result"": ""UNSTABLE"", ""os"": ""ANDROID"", ""build"": ""1.1-50422""}",14153,0,1
ab77849babde116d6e8b81f00cd81c8a,0,0,1430320233085403136,"{""build_id"": 733, ""priority"": ""P0"", ""name"": ""centos_x64--100_01--mobile_functional_android"", ""url"": ""http://qa.hq.northscale.net/job/centos_x64--100_01--mobile_functional_android/"", ""component"": ""FUNCTIONAL"", ""failCount"": 15, ""totalCount"": 49, ""result"": ""UNSTABLE"", ""os"": ""ANDROID"", ""build"": ""1.1-50423""}",14777,0,1
0f032c649ff5d013444c19daa1115dfe,0,0,1430364249891405824,"{""build_id"": 14, ""priority"": ""P0"", ""build"": ""1.1-50429"", ""failCount"": 0, ""name"": ""iOS-CBLMacUnittests"", ""totalCount"": 251, ""url"": ""https://macbuild.hq.couchbase.com/xcode/api/integrations/filter/latest"", ""os"": ""iOS"", ""component"": ""UNIT"", ""result"": ""SUCCESS""}",12106,0,1
fe6385a5076377d76149b4eb90958ad2,0,0,1430379726474838016,"{""build_id"": 735, ""priority"": ""P0"", ""name"": ""centos_x64--100_01--mobile_functional_android"", ""url"": ""http://qa.hq.northscale.net/job/centos_x64--100_01--mobile_functional_android/"", ""component"": ""FUNCTIONAL"", ""failCount"": 15, ""totalCount"": 49, ""result"": ""UNSTABLE"", ""os"": ""ANDROID"", ""build"": ""1.1-50424""}",15115,0,1
1947bc41b1d969799ef34488a0c4d809,0,0,1430380607691685888,"{""build_id"": 737, ""priority"": ""P0"", ""name"": ""centos_x64--100_01--mobile_functional_android"", ""url"": ""http://qa.hq.northscale.net/job/centos_x64--100_01--mobile_functional_android/"", ""component"": ""FUNCTIONAL"", ""failCount"": 15, ""totalCount"": 49, ""result"": ""UNSTABLE"", ""os"": ""ANDROID"", ""build"": ""1.1-50425""}",15157,0,1
ffd74f7f5c2243f69c9b50d03386ff03,0,0,1430381495438737408,"{""build_id"": 739, ""priority"": ""P0"", ""name"": ""centos_x64--100_01--mobile_functional_android"", ""url"": ""http://qa.hq.northscale.net/job/centos_x64--100_01--mobile_functional_android/"", ""component"": ""FUNCTIONAL"", ""failCount"": 18, ""totalCount"": 26, ""result"": ""UNSTABLE"", ""os"": ""ANDROID"", ""build"": ""1.1-50426""}",15161,0,1
2ea97b313e6853a612d7666eccf66d28,0,0,1430383250632605696,"{""build_id"": 741, ""priority"": ""P0"", ""name"": ""centos_x64--100_01--mobile_functional_android"", ""url"": ""http://qa.hq.northscale.net/job/centos_x64--100_01--mobile_functional_android/"", ""component"": ""FUNCTIONAL"", ""failCount"": 18, ""totalCount"": 26, ""result"": ""UNSTABLE"", ""os"": ""ANDROID"", ""build"": ""1.1-50427""}",15165,0,1
76aefa0b12312886fac831f7b9039fc0,0,0,1430425318444761088,"{""build_id"": 25, ""priority"": ""P0"", ""name"": ""couchbase-cblite-tests"", ""url"": ""http://mobile.jenkins.couchbase.com/job/couchbase-cblite-tests/"", ""component"": ""CBLITE"", ""failCount"": 74, ""totalCount"": 810, ""result"": ""UNSTABLE"", ""os"": ""CBLITE"", ""build"": ""1.1-50304""}",3661,0,1
ea68af4aa20553397140ff5a0f27bea6,0,0,1430425324760530944,"{""build_id"": 753, ""priority"": ""P0"", ""name"": ""centos_x64--100_01--mobile_functional_android"", ""url"": ""http://qa.hq.northscale.net/job/centos_x64--100_01--mobile_functional_android/"", ""component"": ""FUNCTIONAL"", ""failCount"": 69, ""totalCount"": 811, ""result"": ""UNSTABLE"", ""os"": ""ANDROID"", ""build"": ""1.1-50430""}",15355,0,1
f3ecc5fbd37b3f3b876ad57fbcb13239,0,0,1430425326006960128,"{""build_id"": 745, ""priority"": ""P0"", ""name"": ""centos_x64--100_01--mobile_functional_android"", ""url"": ""http://qa.hq.northscale.net/job/centos_x64--100_01--mobile_functional_android/"", ""component"": ""FUNCTIONAL"", ""failCount"": 18, ""totalCount"": 26, ""result"": ""UNSTABLE"", ""os"": ""ANDROID"", ""build"": ""1.1-50429""}",15357,0,1
2ed91848009707f39f723b417c96aced,0,0,1430425326316027904,"{""build_id"": 743, ""priority"": ""P0"", ""name"": ""centos_x64--100_01--mobile_functional_android"", ""url"": ""http://qa.hq.northscale.net/job/centos_x64--100_01--mobile_functional_android/"", ""component"": ""FUNCTIONAL"", ""failCount"": 18, ""totalCount"": 26, ""result"": ""UNSTABLE"", ""os"": ""ANDROID"", ""build"": ""1.1-50428""}",15315,0,1
b79aa33990216d0ae36d7b7fa53e7445,0,0,1430425565222273024,"{""build_id"": 170, ""priority"": ""P0"", ""build"": ""1.1-50430"", ""failCount"": 7, ""name"": ""iOS-Sanitytests"", ""totalCount"": 13, ""url"": ""https://macbuild.hq.couchbase.com/xcode/api/integrations/filter/latest"", ""os"": ""iOS"", ""component"": ""SANITY"", ""result"": ""UNSTABLE""}",15170,0,1
9f2b121bcfea5c2c1e9011e96e8da160,0,0,1430425565223124992,"{""build_id"": 15, ""priority"": ""P0"", ""build"": ""1.1-50430"", ""failCount"": 0, ""name"": ""iOS-CBLMacUnittests"", ""totalCount"": 251, ""url"": ""https://macbuild.hq.couchbase.com/xcode/api/integrations/filter/latest"", ""os"": ""iOS"", ""component"": ""UNIT"", ""result"": ""SUCCESS""}",15182,0,1
c68bcfd88abe4b7d44be0bdf919924f1,0,0,1430425565223976960,"{""build_id"": 144, ""priority"": ""P0"", ""build"": ""1.1-50430"", ""failCount"": 0, ""name"": ""iOS-Unittests"", ""totalCount"": 291, ""url"": ""https://macbuild.hq.couchbase.com/xcode/api/integrations/filter/latest"", ""os"": ""iOS"", ""component"": ""UNIT"", ""result"": ""SUCCESS""}",12087,0,1
80fbd21cc722795ffbdef1cf7a0da7f2,0,0,1430882924177719296,"{""build_id"": 760, ""priority"": ""P0"", ""name"": ""centos_x64--100_01--mobile_functional_android"", ""url"": ""http://qa.hq.northscale.net/job/centos_x64--100_01--mobile_functional_android/"", ""component"": ""FUNCTIONAL"", ""failCount"": 129, ""totalCount"": 642, ""result"": ""UNSTABLE"", ""os"": ""ANDROID"", ""build"": ""1.1-50502""}",15603,0,1
407cf7260aeada0ebc329d8d29afd990,0,0,1430950635725586432,"{""build_id"": 20, ""priority"": ""P0"", ""name"": ""cen006-p0-mobile-cblite-android_cb"", ""url"": ""http://qa.hq.northscale.net/job/cen006-p0-mobile-cblite-android_cb/"", ""component"": ""CBLITE"", ""failCount"": 68, ""totalCount"": 964, ""result"": ""UNSTABLE"", ""os"": ""ANDROID"", ""build"": ""1.1-50506""}",16024,0,1
6f56b01f6f12f37c35df64b20569c2ae,0,0,1430950636497666048,"{""build_id"": 15, ""priority"": ""P0"", ""name"": ""cen006-p0-mobile-cblite-android_cb"", ""url"": ""http://qa.hq.northscale.net/job/cen006-p0-mobile-cblite-android_cb/"", ""component"": ""CBLITE"", ""failCount"": 964, ""totalCount"": 964, ""result"": ""ABORTED"", ""os"": ""ANDROID"", ""build"": ""1.1-50504""}",16022,0,1
fae75fe88d9172a1d5abeec620dd1bc5,0,0,1430950640087924736,"{""build_id"": 773, ""priority"": ""P0"", ""name"": ""centos_x64--100_01--mobile_functional_android"", ""url"": ""http://qa.hq.northscale.net/job/centos_x64--100_01--mobile_functional_android/"", ""component"": ""FUNCTIONAL"", ""failCount"": 79, ""totalCount"": 756, ""result"": ""UNSTABLE"", ""os"": ""ANDROID"", ""build"": ""1.1-50506""}",15970,0,1
42607fddd489db702bca11ab046139b5,0,0,1430950640244621312,"{""build_id"": 772, ""priority"": ""P0"", ""name"": ""centos_x64--100_01--mobile_functional_android"", ""url"": ""http://qa.hq.northscale.net/job/centos_x64--100_01--mobile_functional_android/"", ""component"": ""FUNCTIONAL"", ""failCount"": 67, ""totalCount"": 810, ""result"": ""UNSTABLE"", ""os"": ""ANDROID"", ""build"": ""1.1-50505""}",16027,0,1
5fab706b2f307c1aefb568a30468f4a9,0,0,1430950640568107008,"{""build_id"": 769, ""priority"": ""P0"", ""name"": ""centos_x64--100_01--mobile_functional_android"", ""url"": ""http://qa.hq.northscale.net/job/centos_x64--100_01--mobile_functional_android/"", ""component"": ""FUNCTIONAL"", ""failCount"": 70, ""totalCount"": 813, ""result"": ""UNSTABLE"", ""os"": ""ANDROID"", ""build"": ""1.1-50503""}",16029,0,1
a1e153888f7f954ee594a35800ee1752,0,0,1430950641811128320,"{""build_id"": 123, ""priority"": ""P0"", ""name"": ""centos_x64--100_01--mobile_functional_android"", ""url"": ""http://qa.hq.northscale.net/job/centos_x64--100_01--mobile_functional_android/"", ""component"": ""FUNCTIONAL"", ""failCount"": 0, ""totalCount"": 4584, ""result"": ""SUCCESS"", ""os"": ""ANDROID"", ""build"": ""1.1-40404""}",4096,0,1
5bfda9c8498af726b22b5f2e8df831fd,0,0,1430950647186456576,"{""build_id"": 16, ""priority"": ""P0"", ""name"": ""centos_x64--100_02--mobile_unit_tests_android"", ""url"": ""http://qa.hq.northscale.net/job/centos_x64--100_02--mobile_unit_tests_android/"", ""component"": ""UNIT"", ""failCount"": 0, ""totalCount"": 330, ""result"": ""SUCCESS"", ""os"": ""ANDROID"", ""build"": ""1.1-50423""}",12040,0,1
a65d27a14375cec7498f98402da1c4b7,0,0,1431637912722341888,"{""build_id"": 151, ""priority"": ""P0"", ""build"": ""1.1-50514"", ""failCount"": 0, ""name"": ""iOS-Unittests"", ""totalCount"": 294, ""url"": ""https://macbuild.hq.couchbase.com/xcode/api/integrations/filter/latest"", ""os"": ""iOS"", ""component"": ""UNIT"", ""result"": ""SUCCESS""}",16031,0,1
b65afa91853c159c2941b1a0912e6e70,0,0,1431639714741288960,"{""build_id"": 152, ""priority"": ""P0"", ""build"": ""1.1-50514"", ""failCount"": 0, ""name"": ""iOS-Unittests"", ""totalCount"": 294, ""url"": ""https://macbuild.hq.couchbase.com/xcode/api/integrations/filter/latest"", ""os"": ""iOS"", ""component"": ""UNIT"", ""result"": ""SUCCESS""}",16031,0,1
70ae6b86c73aea0980a3c454bc841d02,0,0,1431655340719079424,"{""build_id"": 180, ""priority"": ""P0"", ""build"": ""1.1-50514"", ""failCount"": 7, ""name"": ""iOS-Sanitytests"", ""totalCount"": 0, ""url"": ""https://macbuild.hq.couchbase.com/xcode/api/integrations/filter/latest"", ""os"": ""iOS"", ""component"": ""SANITY"", ""result"": ""UNSTABLE""}",16059,0,1
779c637f6e06f33aa12c586c9b24b10c,0,0,1431660146891620352,"{""build_id"": 26, ""priority"": ""P0"", ""build"": ""1.1-50514"", ""failCount"": 0, ""name"": ""iOS-CBLMacUnittests"", ""totalCount"": 254, ""url"": ""https://macbuild.hq.couchbase.com/xcode/api/integrations/filter/latest"", ""os"": ""iOS"", ""component"": ""UNIT"", ""result"": ""SUCCESS""}",16067,0,1
811bcfe728e02447908fcca8692a2ef7,0,0,1431715415260069888,"{""build_id"": 153, ""priority"": ""P0"", ""build"": ""1.1-50515"", ""failCount"": 0, ""name"": ""iOS-Unittests"", ""totalCount"": 294, ""url"": ""https://macbuild.hq.couchbase.com/xcode/api/integrations/filter/latest"", ""os"": ""iOS"", ""component"": ""UNIT"", ""result"": ""SUCCESS""}",16143,0,1
77915960a1abe458f3c5491518aa0d89,0,0,1431728037233098752,"{""build_id"": 154, ""priority"": ""P0"", ""build"": ""1.1-50515"", ""failCount"": 0, ""name"": ""iOS-Unittests"", ""totalCount"": 295, ""url"": ""https://macbuild.hq.couchbase.com/xcode/api/integrations/filter/latest"", ""os"": ""iOS"", ""component"": ""UNIT"", ""result"": ""SUCCESS""}",16049,0,1
4ce3b97c3e36f256b7fcd14b9f98d675,0,0,1431729841510547456,"{""build_id"": 155, ""priority"": ""P0"", ""build"": ""1.1-50515"", ""failCount"": 0, ""name"": ""iOS-Unittests"", ""totalCount"": 295, ""url"": ""https://macbuild.hq.couchbase.com/xcode/api/integrations/filter/latest"", ""os"": ""iOS"", ""component"": ""UNIT"", ""result"": ""SUCCESS""}",16031,0,1
d18eefdebba10077216902fa0c1ce85e,0,0,1431731646320148480,"{""build_id"": 156, ""priority"": ""P0"", ""build"": ""1.1-50515"", ""failCount"": 0, ""name"": ""iOS-Unittests"", ""totalCount"": 295, ""url"": ""https://macbuild.hq.couchbase.com/xcode/api/integrations/filter/latest"", ""os"": ""iOS"", ""component"": ""UNIT"", ""result"": ""SUCCESS""}",16031,0,1
2fa1e2923e9592db8425ff37563e9553,0,0,1431732850097324032,"{""build_id"": 157, ""priority"": ""P0"", ""build"": ""1.1-50515"", ""failCount"": 0, ""name"": ""iOS-Unittests"", ""totalCount"": 295, ""url"": ""https://macbuild.hq.couchbase.com/xcode/api/integrations/filter/latest"", ""os"": ""iOS"", ""component"": ""UNIT"", ""result"": ""SUCCESS""}",16030,0,1
8437110cd790772df21ad2b08c4bedb6,0,0,1431741260797181952,"{""build_id"": 181, ""priority"": ""P0"", ""build"": ""1.1-50515"", ""failCount"": 7, ""name"": ""iOS-Sanitytests"", ""totalCount"": 0, ""url"": ""https://macbuild.hq.couchbase.com/xcode/api/integrations/filter/latest"", ""os"": ""iOS"", ""component"": ""SANITY"", ""result"": ""UNSTABLE""}",16161,0,1
775f0dc204250d7f9f5d5b9747dd25cc,0,0,1431741260797706240,"{""build_id"": 27, ""priority"": ""P0"", ""build"": ""1.1-50515"", ""failCount"": 0, ""name"": ""iOS-CBLMacUnittests"", ""totalCount"": 254, ""url"": ""https://macbuild.hq.couchbase.com/xcode/api/integrations/filter/latest"", ""os"": ""iOS"", ""component"": ""UNIT"", ""result"": ""SUCCESS""}",16153,0,1
9c98ff60bc9fe51565388a77d3e7cb44,0,0,1431831372893192192,"{""build_id"": 28, ""priority"": ""P0"", ""build"": ""1.1-50516"", ""failCount"": 0, ""name"": ""iOS-CBLMacUnittests"", ""totalCount"": 256, ""url"": ""https://macbuild.hq.couchbase.com/xcode/api/integrations/filter/latest"", ""os"": ""iOS"", ""component"": ""UNIT"", ""result"": ""SUCCESS""}",16033,0,1
3b2647bd9ec61c529caec6a51084c079,0,0,1431914271717392384,"{""build_id"": 183, ""priority"": ""P0"", ""build"": ""1.1-50517"", ""failCount"": 7, ""name"": ""iOS-Sanitytests"", ""totalCount"": 0, ""url"": ""https://macbuild.hq.couchbase.com/xcode/api/integrations/filter/latest"", ""os"": ""iOS"", ""component"": ""SANITY"", ""result"": ""UNSTABLE""}",16171,0,1
84798915bdf2dfd2afa025df75f0cb1c,0,0,1431914271717785600,"{""build_id"": 29, ""priority"": ""P0"", ""build"": ""1.1-50517"", ""failCount"": 0, ""name"": ""iOS-CBLMacUnittests"", ""totalCount"": 256, ""url"": ""https://macbuild.hq.couchbase.com/xcode/api/integrations/filter/latest"", ""os"": ""iOS"", ""component"": ""UNIT"", ""result"": ""SUCCESS""}",16166,0,1
cd627356553ceefc9590576959c724d9,0,0,1431914271718178816,"{""build_id"": 158, ""priority"": ""P0"", ""build"": ""1.1-50517"", ""failCount"": 0, ""name"": ""iOS-Unittests"", ""totalCount"": 296, ""url"": ""https://macbuild.hq.couchbase.com/xcode/api/integrations/filter/latest"", ""os"": ""iOS"", ""component"": ""UNIT"", ""result"": ""SUCCESS""}",16185,0,1
4cef419dc82655c378eafee473ac18fb,0,0,1432090913290321920,"{""build_id"": 31, ""priority"": ""P0"", ""build"": ""1.1-50519"", ""failCount"": 0, ""name"": ""iOS-CBLMacUnittests"", ""totalCount"": 256, ""url"": ""https://macbuild.hq.couchbase.com/xcode/api/integrations/filter/latest"", ""os"": ""iOS"", ""component"": ""UNIT"", ""result"": ""SUCCESS""}",16034,0,1
c23aa0abaff67abec5b92ac6bd94b029,0,0,1432157593159073792,"{""build_id"": 160, ""priority"": ""P0"", ""build"": ""1.1-50520"", ""failCount"": 0, ""name"": ""iOS-Unittests"", ""totalCount"": 298, ""url"": ""https://macbuild.hq.couchbase.com/xcode/api/integrations/filter/latest"", ""os"": ""iOS"", ""component"": ""UNIT"", ""result"": ""SUCCESS""}",16139,0,1
cdbbe85523c6a7a375c36f70d16e6930,0,0,1432173817664503808,"{""build_id"": 186, ""priority"": ""P0"", ""build"": ""1.1-50520"", ""failCount"": 7, ""name"": ""iOS-Sanitytests"", ""totalCount"": 0, ""url"": ""https://macbuild.hq.couchbase.com/xcode/api/integrations/filter/latest"", ""os"": ""iOS"", ""component"": ""SANITY"", ""result"": ""UNSTABLE""}",16165,0,1
cc385a4c88277b1aa17a5e47772d7ba5,0,0,1432173817665093632,"{""build_id"": 32, ""priority"": ""P0"", ""build"": ""1.1-50520"", ""failCount"": 0, ""name"": ""iOS-CBLMacUnittests"", ""totalCount"": 258, ""url"": ""https://macbuild.hq.couchbase.com/xcode/api/integrations/filter/latest"", ""os"": ""iOS"", ""component"": ""UNIT"", ""result"": ""SUCCESS""}",16159,0,1
5a408c493b5e3b6254f175f18abb95ae,0,0,1432173817665617920,"{""build_id"": 161, ""priority"": ""P0"", ""build"": ""1.1-50520"", ""failCount"": 0, ""name"": ""iOS-Unittests"", ""totalCount"": 299, ""url"": ""https://macbuild.hq.couchbase.com/xcode/api/integrations/filter/latest"", ""os"": ""iOS"", ""component"": ""UNIT"", ""result"": ""SUCCESS""}",16054,0,1
1cd0dd7b7384af61a3ba139069728181,0,0,1432522885734596608,"{""build_id"": 36, ""priority"": ""P0"", ""build"": ""1.1-50524"", ""failCount"": 0, ""name"": ""iOS-CBLMacUnittests"", ""totalCount"": 260, ""url"": ""https://macbuild.hq.couchbase.com/xcode/api/integrations/filter/latest"", ""os"": ""iOS"", ""component"": ""UNIT"", ""result"": ""SUCCESS""}",16033,0,1
40130464f948e8a80e386f3eaa258f3c,0,0,1432605778303713280,"{""build_id"": 191, ""priority"": ""P0"", ""build"": ""1.1-50525"", ""failCount"": 7, ""name"": ""iOS-Sanitytests"", ""totalCount"": 0, ""url"": ""https://macbuild.hq.couchbase.com/xcode/api/integrations/filter/latest"", ""os"": ""iOS"", ""component"": ""SANITY"", ""result"": ""UNSTABLE""}",16162,0,1
95b31d20c5eb1ddad2d6818b4b38503f,0,0,1432609382549225472,"{""build_id"": 37, ""priority"": ""P0"", ""build"": ""1.1-50525"", ""failCount"": 1, ""name"": ""iOS-CBLMacUnittests"", ""totalCount"": 4, ""url"": ""https://macbuild.hq.couchbase.com/xcode/api/integrations/filter/latest"", ""os"": ""iOS"", ""component"": ""UNIT"", ""result"": ""UNSTABLE""}",16163,0,1
e01ec7433f32482abbbe157fc00155ae,0,0,1432664654403993600,"{""build_id"": 38, ""priority"": ""P0"", ""build"": ""1.1-50526"", ""failCount"": 0, ""name"": ""iOS-CBLMacUnittests"", ""totalCount"": 260, ""url"": ""https://macbuild.hq.couchbase.com/xcode/api/integrations/filter/latest"", ""os"": ""iOS"", ""component"": ""UNIT"", ""result"": ""SUCCESS""}",16119,0,1
425b04f8e4230ed4074a370bbe68cd30,0,0,1432665858535391232,"{""build_id"": 39, ""priority"": ""P0"", ""build"": ""1.1-50526"", ""failCount"": 0, ""name"": ""iOS-CBLMacUnittests"", ""totalCount"": 260, ""url"": ""https://macbuild.hq.couchbase.com/xcode/api/integrations/filter/latest"", ""os"": ""iOS"", ""component"": ""UNIT"", ""result"": ""SUCCESS""}",16030,0,1
7655e9fedd07d2bc16526d0bde5d561f,0,0,1432667063381590016,"{""build_id"": 41, ""priority"": ""P0"", ""build"": ""1.1-50526"", ""failCount"": 0, ""name"": ""iOS-CBLMacUnittests"", ""totalCount"": 260, ""url"": ""https://macbuild.hq.couchbase.com/xcode/api/integrations/filter/latest"", ""os"": ""iOS"", ""component"": ""UNIT"", ""result"": ""SUCCESS""}",16030,0,1
fffc3b247fc2bb4d97e270955e031cab,0,0,1432667666164809728,"{""build_id"": 42, ""priority"": ""P0"", ""build"": ""1.1-50526"", ""failCount"": 0, ""name"": ""iOS-CBLMacUnittests"", ""totalCount"": 260, ""url"": ""https://macbuild.hq.couchbase.com/xcode/api/integrations/filter/latest"", ""os"": ""iOS"", ""component"": ""UNIT"", ""result"": ""SUCCESS""}",16029,0,1
8d2785fcebc5c1128c0eeb69c09d4d37,0,0,1432668269050134528,"{""build_id"": 43, ""priority"": ""P0"", ""build"": ""1.1-50526"", ""failCount"": 0, ""name"": ""iOS-CBLMacUnittests"", ""totalCount"": 260, ""url"": ""https://macbuild.hq.couchbase.com/xcode/api/integrations/filter/latest"", ""os"": ""iOS"", ""component"": ""UNIT"", ""result"": ""SUCCESS""}",16029,0,1
3612f4e6301037df65842f366847865b,0,0,1432668871473889280,"{""build_id"": 45, ""priority"": ""P0"", ""build"": ""1.1-50526"", ""failCount"": 1, ""name"": ""iOS-CBLMacUnittests"", ""totalCount"": 260, ""url"": ""https://macbuild.hq.couchbase.com/xcode/api/integrations/filter/latest"", ""os"": ""iOS"", ""component"": ""UNIT"", ""result"": ""UNSTABLE""}",16029,0,1
d21fa6f7ef17f844976fdbaee3c620e3,0,0,1432669474447884288,"{""build_id"": 46, ""priority"": ""P0"", ""build"": ""1.1-50526"", ""failCount"": 0, ""name"": ""iOS-CBLMacUnittests"", ""totalCount"": 260, ""url"": ""https://macbuild.hq.couchbase.com/xcode/api/integrations/filter/latest"", ""os"": ""iOS"", ""component"": ""UNIT"", ""result"": ""SUCCESS""}",16029,0,1
a22061f62728e7b7783d549ca3be982c,0,0,1432670076832776192,"{""build_id"": 47, ""priority"": ""P0"", ""build"": ""1.1-50526"", ""failCount"": 1, ""name"": ""iOS-CBLMacUnittests"", ""totalCount"": 155, ""url"": ""https://macbuild.hq.couchbase.com/xcode/api/integrations/filter/latest"", ""os"": ""iOS"", ""component"": ""UNIT"", ""result"": ""UNSTABLE""}",16029,0,1
e9185263201a9db008e0ff2936636d81,0,0,1432670678951002112,"{""build_id"": 48, ""priority"": ""P0"", ""build"": ""1.1-50526"", ""failCount"": 1, ""name"": ""iOS-CBLMacUnittests"", ""totalCount"": 155, ""url"": ""https://macbuild.hq.couchbase.com/xcode/api/integrations/filter/latest"", ""os"": ""iOS"", ""component"": ""UNIT"", ""result"": ""UNSTABLE""}",16029,0,1
7b30fb7abf8a4836c2fd4d17619c9da4,0,0,1432671281745559552,"{""build_id"": 50, ""priority"": ""P0"", ""build"": ""1.1-50526"", ""failCount"": 1, ""name"": ""iOS-CBLMacUnittests"", ""totalCount"": 155, ""url"": ""https://macbuild.hq.couchbase.com/xcode/api/integrations/filter/latest"", ""os"": ""iOS"", ""component"": ""UNIT"", ""result"": ""UNSTABLE""}",16029,0,1
c8e1f1d0ea95f105d970e0276425dfc4,0,0,1432673085704110080,"{""build_id"": 51, ""priority"": ""P0"", ""build"": ""1.1-50526"", ""failCount"": 1, ""name"": ""iOS-CBLMacUnittests"", ""totalCount"": 155, ""url"": ""https://macbuild.hq.couchbase.com/xcode/api/integrations/filter/latest"", ""os"": ""iOS"", ""component"": ""UNIT"", ""result"": ""UNSTABLE""}",16031,0,1
40070ca175656ee6ea4dac6a97bffd2d,0,0,1432676091358937088,"{""build_id"": 52, ""priority"": ""P0"", ""build"": ""1.1-50526"", ""failCount"": 1, ""name"": ""iOS-CBLMacUnittests"", ""totalCount"": 155, ""url"": ""https://macbuild.hq.couchbase.com/xcode/api/integrations/filter/latest"", ""os"": ""iOS"", ""component"": ""UNIT"", ""result"": ""UNSTABLE""}",16033,0,1
005f58b7a5b7267a770fb8bf9d5adfe6,0,0,1432676693341437952,"{""build_id"": 53, ""priority"": ""P0"", ""build"": ""1.1-50526"", ""failCount"": 1, ""name"": ""iOS-CBLMacUnittests"", ""totalCount"": 155, ""url"": ""https://macbuild.hq.couchbase.com/xcode/api/integrations/filter/latest"", ""os"": ""iOS"", ""component"": ""UNIT"", ""result"": ""UNSTABLE""}",16029,0,1
b88635c7e466e2e88f717c2ea0405f57,0,0,1432677295874179072,"{""build_id"": 54, ""priority"": ""P0"", ""build"": ""1.1-50526"", ""failCount"": 1, ""name"": ""iOS-CBLMacUnittests"", ""totalCount"": 155, ""url"": ""https://macbuild.hq.couchbase.com/xcode/api/integrations/filter/latest"", ""os"": ""iOS"", ""component"": ""UNIT"", ""result"": ""UNSTABLE""}",16029,0,1
cddc82330d46bb7db122adafdf678e4b,0,0,1432677897631432704,"{""build_id"": 56, ""priority"": ""P0"", ""build"": ""1.1-50526"", ""failCount"": 0, ""name"": ""iOS-CBLMacUnittests"", ""totalCount"": 260, ""url"": ""https://macbuild.hq.couchbase.com/xcode/api/integrations/filter/latest"", ""os"": ""iOS"", ""component"": ""UNIT"", ""result"": ""SUCCESS""}",16029,0,1
b0c70d7b69a855b5c69f250abb119e6b,0,0,1432678499187687424,"{""build_id"": 167, ""priority"": ""P0"", ""build"": ""1.1-50526"", ""failCount"": 0, ""name"": ""iOS-Unittests"", ""totalCount"": 300, ""url"": ""https://macbuild.hq.couchbase.com/xcode/api/integrations/filter/latest"", ""os"": ""iOS"", ""component"": ""UNIT"", ""result"": ""SUCCESS""}",16282,0,1
e0ec89b93ec71792ddf3f70e2d2dea21,0,0,1432679101153017856,"{""build_id"": 168, ""priority"": ""P0"", ""build"": ""1.1-50526"", ""failCount"": 0, ""name"": ""iOS-Unittests"", ""totalCount"": 300, ""url"": ""https://macbuild.hq.couchbase.com/xcode/api/integrations/filter/latest"", ""os"": ""iOS"", ""component"": ""UNIT"", ""result"": ""SUCCESS""}",16029,0,1
3d174b4ce95d227d7a9fd06dfbafb768,0,0,1432691718648037376,"{""build_id"": 192, ""priority"": ""P0"", ""build"": ""1.1-50526"", ""failCount"": 7, ""name"": ""iOS-Sanitytests"", ""totalCount"": 0, ""url"": ""https://macbuild.hq.couchbase.com/xcode/api/integrations/filter/latest"", ""os"": ""iOS"", ""component"": ""SANITY"", ""result"": ""UNSTABLE""}",16170,0,1
7af6b5df1380eda9f12a06119e00c80b,0,0,1432778252432048128,"{""build_id"": 193, ""priority"": ""P0"", ""build"": ""1.1-50527"", ""failCount"": 0, ""name"": ""iOS-Sanitytests"", ""totalCount"": 13, ""url"": ""https://macbuild.hq.couchbase.com/xcode/api/integrations/filter/latest"", ""os"": ""iOS"", ""component"": ""SANITY"", ""result"": ""SUCCESS""}",16172,0,1
bdc4076ab68cc9f889fb84f657e5898a,0,0,1432781857028505600,"{""build_id"": 59, ""priority"": ""P0"", ""build"": ""1.1-50527"", ""failCount"": 0, ""name"": ""iOS-CBLMacUnittests"", ""totalCount"": 260, ""url"": ""https://macbuild.hq.couchbase.com/xcode/api/integrations/filter/latest"", ""os"": ""iOS"", ""component"": ""UNIT"", ""result"": ""SUCCESS""}",16172,0,1
bf09e7b947656dceebf5d41fec458520,0,0,1432864774447628288,"{""build_id"": 194, ""priority"": ""P0"", ""build"": ""1.1-50528"", ""failCount"": 0, ""name"": ""iOS-Sanitytests"", ""totalCount"": 13, ""url"": ""https://macbuild.hq.couchbase.com/xcode/api/integrations/filter/latest"", ""os"": ""iOS"", ""component"": ""SANITY"", ""result"": ""SUCCESS""}",16172,0,1
adff5865e838b3f7e704032a44aacf67,0,0,1432868379207794688,"{""build_id"": 60, ""priority"": ""P0"", ""build"": ""1.1-50528"", ""failCount"": 0, ""name"": ""iOS-CBLMacUnittests"", ""totalCount"": 260, ""url"": ""https://macbuild.hq.couchbase.com/xcode/api/integrations/filter/latest"", ""os"": ""iOS"", ""component"": ""UNIT"", ""result"": ""SUCCESS""}",16172,0,1
7ad59a1c7bacb3a8f57e9f7fb67c1dfc,0,0,1432940479241453568,"{""build_id"": 169, ""priority"": ""P0"", ""build"": ""1.1-50529"", ""failCount"": 0, ""name"": ""iOS-Unittests"", ""totalCount"": 300, ""url"": ""https://macbuild.hq.couchbase.com/xcode/api/integrations/filter/latest"", ""os"": ""iOS"", ""component"": ""UNIT"", ""result"": ""SUCCESS""}",16463,0,1
d119806d90d841714aa0be12945d541f,0,0,1432941081432162304,"{""build_id"": 170, ""priority"": ""P0"", ""build"": ""1.1-50529"", ""failCount"": 0, ""name"": ""iOS-Unittests"", ""totalCount"": 301, ""url"": ""https://macbuild.hq.couchbase.com/xcode/api/integrations/filter/latest"", ""os"": ""iOS"", ""component"": ""UNIT"", ""result"": ""SUCCESS""}",16029,0,1
9bc8f1aa80adee7f2aafa3a3976d2f13,0,0,1432942283019059200,"{""build_id"": 171, ""priority"": ""P0"", ""build"": ""1.1-50529"", ""failCount"": 0, ""name"": ""iOS-Unittests"", ""totalCount"": 302, ""url"": ""https://macbuild.hq.couchbase.com/xcode/api/integrations/filter/latest"", ""os"": ""iOS"", ""component"": ""UNIT"", ""result"": ""SUCCESS""}",16029,0,1
12bc1f3ff831d5b9330def8349f72acf,0,0,1432951292875571200,"{""build_id"": 195, ""priority"": ""P0"", ""build"": ""1.1-50529"", ""failCount"": 0, ""name"": ""iOS-Sanitytests"", ""totalCount"": 13, ""url"": ""https://macbuild.hq.couchbase.com/xcode/api/integrations/filter/latest"", ""os"": ""iOS"", ""component"": ""SANITY"", ""result"": ""SUCCESS""}",16168,0,1
cc459a7d242bfbd1cbfcd3d6c9b47acd,0,0,1432954897883463680,"{""build_id"": 61, ""priority"": ""P0"", ""build"": ""1.1-50529"", ""failCount"": 0, ""name"": ""iOS-CBLMacUnittests"", ""totalCount"": 260, ""url"": ""https://macbuild.hq.couchbase.com/xcode/api/integrations/filter/latest"", ""os"": ""iOS"", ""component"": ""UNIT"", ""result"": ""SUCCESS""}",16168,0,1
7f5c344ede1fb0567bde7e6bfeefc658,0,0,1433037804916965376,"{""build_id"": 196, ""priority"": ""P0"", ""build"": ""1.1-50530"", ""failCount"": 0, ""name"": ""iOS-Sanitytests"", ""totalCount"": 13, ""url"": ""https://macbuild.hq.couchbase.com/xcode/api/integrations/filter/latest"", ""os"": ""iOS"", ""component"": ""SANITY"", ""result"": ""SUCCESS""}",16163,0,1
07a73e704421be550adf1845cb0f1eec,0,0,1433041409820196864,"{""build_id"": 62, ""priority"": ""P0"", ""build"": ""1.1-50530"", ""failCount"": 0, ""name"": ""iOS-CBLMacUnittests"", ""totalCount"": 262, ""url"": ""https://macbuild.hq.couchbase.com/xcode/api/integrations/filter/latest"", ""os"": ""iOS"", ""component"": ""UNIT"", ""result"": ""SUCCESS""}",16163,0,1
91ee9d159b430f14cdb855b1542953bc,0,0,1433123716660723712,"{""build_id"": 197, ""priority"": ""P0"", ""build"": ""1.1-50531"", ""failCount"": 0, ""name"": ""iOS-Sanitytests"", ""totalCount"": 13, ""url"": ""https://macbuild.hq.couchbase.com/xcode/api/integrations/filter/latest"", ""os"": ""iOS"", ""component"": ""SANITY"", ""result"": ""SUCCESS""}",16171,0,1
49eb7d1d558d4085491c2ea9fb9b2ba9,0,0,1433127321684475904,"{""build_id"": 63, ""priority"": ""P0"", ""build"": ""1.1-50531"", ""failCount"": 0, ""name"": ""iOS-CBLMacUnittests"", ""totalCount"": 262, ""url"": ""https://macbuild.hq.couchbase.com/xcode/api/integrations/filter/latest"", ""os"": ""iOS"", ""component"": ""UNIT"", ""result"": ""SUCCESS""}",16171,0,1
f14226f4e97ae29002c3bfd35b71e852,0,0,1433145349714280448,"{""build_id"": 27, ""priority"": ""P0"", ""name"": ""couchbase-cblite-tests"", ""url"": ""http://mobile.jenkins.couchbase.com/job/couchbase-cblite-tests/"", ""component"": ""CBLITE"", ""failCount"": 812, ""totalCount"": 812, ""result"": ""FAILURE"", ""duration"": 21027853, ""os"": ""CBLITE"", ""build"": ""1.1-50430""}",17975,0,1
4dca872104c435cdfe0eac0db7b5c70f,0,0,1433145349724766208,"{""build_id"": 26, ""priority"": ""P0"", ""name"": ""couchbase-cblite-tests"", ""url"": ""http://mobile.jenkins.couchbase.com/job/couchbase-cblite-tests/"", ""component"": ""CBLITE"", ""failCount"": 812, ""totalCount"": 812, ""result"": ""FAILURE"", ""duration"": 343319, ""os"": ""CBLITE"", ""build"": ""1.1-50427""}",17068,0,1
7285ae20016846a5502129eaf9077cd7,0,0,1433177187626975232,"{""build_id"": 172, ""priority"": ""P0"", ""build"": ""1.1-50601"", ""failCount"": 0, ""name"": ""iOS-Unittests"", ""totalCount"": 302, ""url"": ""https://macbuild.hq.couchbase.com/xcode/api/integrations/filter/latest"", ""os"": ""iOS"", ""component"": ""UNIT"", ""result"": ""SUCCESS""}",16407,0,1
d0379f7c2ef5bea725fe388b712471b0,0,0,1433177788876914688,"{""build_id"": 173, ""priority"": ""P0"", ""build"": ""1.1-50601"", ""failCount"": 0, ""name"": ""iOS-Unittests"", ""totalCount"": 302, ""url"": ""https://macbuild.hq.couchbase.com/xcode/api/integrations/filter/latest"", ""os"": ""iOS"", ""component"": ""UNIT"", ""result"": ""SUCCESS""}",16099,0,1
3a3443a6218ed3bb3174b2244e5baedf,0,0,1433185001346498560,"{""build_id"": 174, ""priority"": ""P0"", ""build"": ""1.1-50601"", ""failCount"": 0, ""name"": ""iOS-Unittests"", ""totalCount"": 302, ""url"": ""https://macbuild.hq.couchbase.com/xcode/api/integrations/filter/latest"", ""os"": ""iOS"", ""component"": ""UNIT"", ""result"": ""SUCCESS""}",16112,0,1
1a6a13918a98cd30040aa424f9d76ba2,0,0,1433186205867245568,"{""build_id"": 175, ""priority"": ""P0"", ""build"": ""1.1-50601"", ""failCount"": 0, ""name"": ""iOS-Unittests"", ""totalCount"": 303, ""url"": ""https://macbuild.hq.couchbase.com/xcode/api/integrations/filter/latest"", ""os"": ""iOS"", ""component"": ""UNIT"", ""result"": ""SUCCESS""}",16116,0,1
f055f07cfe6ab643636417844d05c0b8,0,0,1433194619051900928,"{""build_id"": 176, ""priority"": ""P0"", ""build"": ""1.1-50601"", ""failCount"": 0, ""name"": ""iOS-Unittests"", ""totalCount"": 303, ""url"": ""https://macbuild.hq.couchbase.com/xcode/api/integrations/filter/latest"", ""os"": ""iOS"", ""component"": ""UNIT"", ""result"": ""SUCCESS""}",16132,0,1
808b81e9ef110aeb8815fdb1101fee9a,0,0,1433195219888963584,"{""build_id"": 177, ""priority"": ""P0"", ""build"": ""1.1-50601"", ""failCount"": 0, ""name"": ""iOS-Unittests"", ""totalCount"": 304, ""url"": ""https://macbuild.hq.couchbase.com/xcode/api/integrations/filter/latest"", ""os"": ""iOS"", ""component"": ""UNIT"", ""result"": ""SUCCESS""}",16137,0,1
837ca868aafc178327f2584b7fd3eed4,0,0,1433210242958819328,"{""build_id"": 198, ""priority"": ""P0"", ""build"": ""1.1-50601"", ""failCount"": 0, ""name"": ""iOS-Sanitytests"", ""totalCount"": 13, ""url"": ""https://macbuild.hq.couchbase.com/xcode/api/integrations/filter/latest"", ""os"": ""iOS"", ""component"": ""SANITY"", ""result"": ""SUCCESS""}",16172,0,1
69f99784c1adf3b9c35b948504fc57e8,0,0,1433213847981195264,"{""build_id"": 64, ""priority"": ""P0"", ""build"": ""1.1-50601"", ""failCount"": 0, ""name"": ""iOS-CBLMacUnittests"", ""totalCount"": 262, ""url"": ""https://macbuild.hq.couchbase.com/xcode/api/integrations/filter/latest"", ""os"": ""iOS"", ""component"": ""UNIT"", ""result"": ""SUCCESS""}",16172,0,1
8e78be3301b612f8a852f15b65f9e94c,0,0,1433296761002786816,"{""build_id"": 199, ""priority"": ""P0"", ""build"": ""1.1-50602"", ""failCount"": 0, ""name"": ""iOS-Sanitytests"", ""totalCount"": 13, ""url"": ""https://macbuild.hq.couchbase.com/xcode/api/integrations/filter/latest"", ""os"": ""iOS"", ""component"": ""SANITY"", ""result"": ""SUCCESS""}",16314,0,1
233065d356daa35611d22b4cfd5bcb40,0,0,1433300365740867584,"{""build_id"": 65, ""priority"": ""P0"", ""build"": ""1.1-50602"", ""failCount"": 0, ""name"": ""iOS-CBLMacUnittests"", ""totalCount"": 264, ""url"": ""https://macbuild.hq.couchbase.com/xcode/api/integrations/filter/latest"", ""os"": ""iOS"", ""component"": ""UNIT"", ""result"": ""SUCCESS""}",16322,0,1
ddb46b55d5ef16a7ffb2598b30f5ee09,0,0,1433371001920225280,"{""build_id"": 28, ""priority"": ""P0"", ""name"": ""couchbase-cblite-tests"", ""url"": ""http://mobile.jenkins.couchbase.com/job/couchbase-cblite-tests/"", ""component"": ""CBLITE"", ""failCount"": 67, ""totalCount"": 812, ""result"": ""UNSTABLE"", ""duration"": 1069700, ""os"": ""CBLITE"", ""build"": ""1.1-50503""}",21251,0,1
a9460d5ca0d8cd681511f1a31963008e,0,0,1433383274831740928,"{""build_id"": 200, ""priority"": ""P0"", ""build"": ""1.1-50603"", ""failCount"": 0, ""name"": ""iOS-Sanitytests"", ""totalCount"": 13, ""url"": ""https://macbuild.hq.couchbase.com/xcode/api/integrations/filter/latest"", ""os"": ""iOS"", ""component"": ""SANITY"", ""result"": ""SUCCESS""}",16506,0,1
34995aeb99c17d96ba19d1b1333137ed,0,0,1433386879503630336,"{""build_id"": 66, ""priority"": ""P0"", ""build"": ""1.1-50603"", ""failCount"": 0, ""name"": ""iOS-CBLMacUnittests"", ""totalCount"": 264, ""url"": ""https://macbuild.hq.couchbase.com/xcode/api/integrations/filter/latest"", ""os"": ""iOS"", ""component"": ""UNIT"", ""result"": ""SUCCESS""}",16514,0,1
f7cfb3c743ff9e3e48779b3e30608fe9,0,0,1433461976070291456,"{""build_id"": 178, ""priority"": ""P0"", ""build"": ""1.1-50604"", ""failCount"": 0, ""name"": ""iOS-Unittests"", ""totalCount"": 304, ""url"": ""https://macbuild.hq.couchbase.com/xcode/api/integrations/filter/latest"", ""os"": ""iOS"", ""component"": ""UNIT"", ""result"": ""SUCCESS""}",16575,0,1
b324750e96ad831dd132d5dfc917403e,0,0,1433462577240145920,"{""build_id"": 179, ""priority"": ""P0"", ""build"": ""1.1-50604"", ""failCount"": 0, ""name"": ""iOS-Unittests"", ""totalCount"": 305, ""url"": ""https://macbuild.hq.couchbase.com/xcode/api/integrations/filter/latest"", ""os"": ""iOS"", ""component"": ""UNIT"", ""result"": ""SUCCESS""}",16745,0,1
b70380eb13acac8efe5aff9bdce2b70c,0,0,1433468585282764800,"{""build_id"": 201, ""priority"": ""P0"", ""build"": ""1.1-50604"", ""failCount"": 1, ""name"": ""iOS-Sanitytests"", ""totalCount"": 13, ""url"": ""https://macbuild.hq.couchbase.com/xcode/api/integrations/filter/latest"", ""os"": ""iOS"", ""component"": ""SANITY"", ""result"": ""UNSTABLE""}",16695,0,1
ecd9cba165740e08592bc8bed3df59b6,0,0,1433473391053635584,"{""build_id"": 67, ""priority"": ""P0"", ""build"": ""1.1-50604"", ""failCount"": 0, ""name"": ""iOS-CBLMacUnittests"", ""totalCount"": 264, ""url"": ""https://macbuild.hq.couchbase.com/xcode/api/integrations/filter/latest"", ""os"": ""iOS"", ""component"": ""UNIT"", ""result"": ""SUCCESS""}",16703,0,1
a3eafba0a6d669a470539e9281bcfb89,0,0,1433555698887753728,"{""build_id"": 202, ""priority"": ""P0"", ""build"": ""1.1-50605"", ""failCount"": 0, ""name"": ""iOS-Sanitytests"", ""totalCount"": 13, ""url"": ""https://macbuild.hq.couchbase.com/xcode/api/integrations/filter/latest"", ""os"": ""iOS"", ""component"": ""SANITY"", ""result"": ""SUCCESS""}",16905,0,1
e057f16e8814e1f2de6e1133d697abfd,0,0,1433559303825195008,"{""build_id"": 68, ""priority"": ""P0"", ""build"": ""1.1-50605"", ""failCount"": 0, ""name"": ""iOS-CBLMacUnittests"", ""totalCount"": 265, ""url"": ""https://macbuild.hq.couchbase.com/xcode/api/integrations/filter/latest"", ""os"": ""iOS"", ""component"": ""UNIT"", ""result"": ""SUCCESS""}",16915,0,1
d60230bb3fe84e8976c9b794632666e2,0,0,1433642214457671680,"{""build_id"": 203, ""priority"": ""P0"", ""build"": ""1.1-50606"", ""failCount"": 0, ""name"": ""iOS-Sanitytests"", ""totalCount"": 13, ""url"": ""https://macbuild.hq.couchbase.com/xcode/api/integrations/filter/latest"", ""os"": ""iOS"", ""component"": ""SANITY"", ""result"": ""SUCCESS""}",17112,0,1
4a9fcb51e277fd4035f4b3d268232f42,0,0,1433645819352580096,"{""build_id"": 69, ""priority"": ""P0"", ""build"": ""1.1-50606"", ""failCount"": 0, ""name"": ""iOS-CBLMacUnittests"", ""totalCount"": 265, ""url"": ""https://macbuild.hq.couchbase.com/xcode/api/integrations/filter/latest"", ""os"": ""iOS"", ""component"": ""UNIT"", ""result"": ""SUCCESS""}",17120,0,1
18345b1a654ad2e2ea92333e9b482b30,0,0,1433728727281172480,"{""build_id"": 204, ""priority"": ""P0"", ""build"": ""1.1-50607"", ""failCount"": 0, ""name"": ""iOS-Sanitytests"", ""totalCount"": 13, ""url"": ""https://macbuild.hq.couchbase.com/xcode/api/integrations/filter/latest"", ""os"": ""iOS"", ""component"": ""SANITY"", ""result"": ""SUCCESS""}",17318,0,1
42618caa6e79a1ab4ed4c48c7785746c,0,0,1433732332014862336,"{""build_id"": 70, ""priority"": ""P0"", ""build"": ""1.1-50607"", ""failCount"": 0, ""name"": ""iOS-CBLMacUnittests"", ""totalCount"": 265, ""url"": ""https://macbuild.hq.couchbase.com/xcode/api/integrations/filter/latest"", ""os"": ""iOS"", ""component"": ""UNIT"", ""result"": ""SUCCESS""}",17326,0,1
6f1e9bf869f2459424f911b52fc2ae5b,0,0,1433810442020782080,"{""build_id"": 180, ""priority"": ""P0"", ""build"": ""1.1-50608"", ""failCount"": 0, ""name"": ""iOS-Unittests"", ""totalCount"": 305, ""url"": ""https://macbuild.hq.couchbase.com/xcode/api/integrations/filter/latest"", ""os"": ""iOS"", ""component"": ""UNIT"", ""result"": ""SUCCESS""}",17323,0,1
8c333e8eb46a6b52ccda217d65495a5f,0,0,1433815248694935552,"{""build_id"": 205, ""priority"": ""P0"", ""build"": ""1.1-50608"", ""failCount"": 0, ""name"": ""iOS-Sanitytests"", ""totalCount"": 13, ""url"": ""https://macbuild.hq.couchbase.com/xcode/api/integrations/filter/latest"", ""os"": ""iOS"", ""component"": ""SANITY"", ""result"": ""SUCCESS""}",17524,0,1
9f4e4590e43d22eba7cf542cef02bcb1,0,0,1433818853688868864,"{""build_id"": 71, ""priority"": ""P0"", ""build"": ""1.1-50608"", ""failCount"": 0, ""name"": ""iOS-CBLMacUnittests"", ""totalCount"": 265, ""url"": ""https://macbuild.hq.couchbase.com/xcode/api/integrations/filter/latest"", ""os"": ""iOS"", ""component"": ""UNIT"", ""result"": ""SUCCESS""}",17532,0,1
2f9cc9be4ed05e9ab64cf31c1f600d0e,0,0,1433886745926041600,"{""build_id"": 181, ""priority"": ""P0"", ""build"": ""1.1-50609"", ""failCount"": 0, ""name"": ""iOS-Unittests"", ""totalCount"": 307, ""url"": ""https://macbuild.hq.couchbase.com/xcode/api/integrations/filter/latest"", ""os"": ""iOS"", ""component"": ""UNIT"", ""result"": ""SUCCESS""}",17693,0,1
23f293631b5302f672330b9f7bbbc4cc,0,0,1433899364892016640,"{""build_id"": 182, ""priority"": ""P0"", ""build"": ""1.1-50609"", ""failCount"": 0, ""name"": ""iOS-Unittests"", ""totalCount"": 308, ""url"": ""https://macbuild.hq.couchbase.com/xcode/api/integrations/filter/latest"", ""os"": ""iOS"", ""component"": ""UNIT"", ""result"": ""SUCCESS""}",17776,0,1
e95ca3f2f87c0d24aea44c73b0e16b63,0,0,1433899965717741568,"{""build_id"": 183, ""priority"": ""P0"", ""build"": ""1.1-50609"", ""failCount"": 0, ""name"": ""iOS-Unittests"", ""totalCount"": 308, ""url"": ""https://macbuild.hq.couchbase.com/xcode/api/integrations/filter/latest"", ""os"": ""iOS"", ""component"": ""UNIT"", ""result"": ""SUCCESS""}",17787,0,1
103a68069b87af99015077c162280dc9,0,0,1433901768099889152,"{""build_id"": 206, ""priority"": ""P0"", ""build"": ""1.1-50609"", ""failCount"": 0, ""name"": ""iOS-Sanitytests"", ""totalCount"": 13, ""url"": ""https://macbuild.hq.couchbase.com/xcode/api/integrations/filter/latest"", ""os"": ""iOS"", ""component"": ""SANITY"", ""result"": ""SUCCESS""}",17721,0,1
65b3eeb188ec3524063ac12af921bca6,0,0,1433905372108423168,"{""build_id"": 72, ""priority"": ""P0"", ""build"": ""1.1-50609"", ""failCount"": 0, ""name"": ""iOS-CBLMacUnittests"", ""totalCount"": 267, ""url"": ""https://macbuild.hq.couchbase.com/xcode/api/integrations/filter/latest"", ""os"": ""iOS"", ""component"": ""UNIT"", ""result"": ""SUCCESS""}",17727,0,1
703fcdbf61dad397400f9daff9680e21,0,0,1433907775518081024,"{""build_id"": 184, ""priority"": ""P0"", ""build"": ""1.1-50609"", ""failCount"": 0, ""name"": ""iOS-Unittests"", ""totalCount"": 308, ""url"": ""https://macbuild.hq.couchbase.com/xcode/api/integrations/filter/latest"", ""os"": ""iOS"", ""component"": ""UNIT"", ""result"": ""SUCCESS""}",17799,0,1
aad1a5b92cfb4d49793ffc06a06431fe,0,0,1433908977676320768,"{""build_id"": 185, ""priority"": ""P0"", ""build"": ""1.1-50609"", ""failCount"": 0, ""name"": ""iOS-Unittests"", ""totalCount"": 308, ""url"": ""https://macbuild.hq.couchbase.com/xcode/api/integrations/filter/latest"", ""os"": ""iOS"", ""component"": ""UNIT"", ""result"": ""SUCCESS""}",17808,0,1
9a9e25c93509a64c381aebd138f7431c,0,0,1433913183373950976,"{""build_id"": 186, ""priority"": ""P0"", ""build"": ""1.1-50609"", ""failCount"": 0, ""name"": ""iOS-Unittests"", ""totalCount"": 308, ""url"": ""https://macbuild.hq.couchbase.com/xcode/api/integrations/filter/latest"", ""os"": ""iOS"", ""component"": ""UNIT"", ""result"": ""SUCCESS""}",17815,0,1
0848a13691e24bb1d9f256aa199e3a14,0,0,1433913784415551488,"{""build_id"": 187, ""priority"": ""P0"", ""build"": ""1.1-50609"", ""failCount"": 0, ""name"": ""iOS-Unittests"", ""totalCount"": 309, ""url"": ""https://macbuild.hq.couchbase.com/xcode/api/integrations/filter/latest"", ""os"": ""iOS"", ""component"": ""UNIT"", ""result"": ""SUCCESS""}",17819,0,1
aae134b5aa519a714dd6c35aa4eb9440,0,0,1433923995682537472,"{""build_id"": 188, ""priority"": ""P0"", ""build"": ""1.1-50610"", ""failCount"": 0, ""name"": ""iOS-Unittests"", ""totalCount"": 309, ""url"": ""https://macbuild.hq.couchbase.com/xcode/api/integrations/filter/latest"", ""os"": ""iOS"", ""component"": ""UNIT"", ""result"": ""SUCCESS""}",17836,0,1
1cf1de14d0788af890a8419ff5ac6350,0,0,1433924596460945408,"{""build_id"": 189, ""priority"": ""P0"", ""build"": ""1.1-50610"", ""failCount"": 0, ""name"": ""iOS-Unittests"", ""totalCount"": 310, ""url"": ""https://macbuild.hq.couchbase.com/xcode/api/integrations/filter/latest"", ""os"": ""iOS"", ""component"": ""UNIT"", ""result"": ""SUCCESS""}",17845,0,1
48cc13429141004cd4f4435f4cd8468e,0,0,1433960042709450752,"{""build_id"": 190, ""priority"": ""P0"", ""build"": ""1.1-50610"", ""failCount"": 0, ""name"": ""iOS-Unittests"", ""totalCount"": 310, ""url"": ""https://macbuild.hq.couchbase.com/xcode/api/integrations/filter/latest"", ""os"": ""iOS"", ""component"": ""UNIT"", ""result"": ""SUCCESS""}",17905,0,1
4119fe956a512ec13e5bd25c76c1a3aa,0,0,1433961247230722048,"{""build_id"": 191, ""priority"": ""P0"", ""build"": ""1.1-50610"", ""failCount"": 0, ""name"": ""iOS-Unittests"", ""totalCount"": 310, ""url"": ""https://macbuild.hq.couchbase.com/xcode/api/integrations/filter/latest"", ""os"": ""iOS"", ""component"": ""UNIT"", ""result"": ""SUCCESS""}",17934,0,1
6d4c9fb788859d0d44268a6a7c41c544,0,0,1433961849388007424,"{""build_id"": 192, ""priority"": ""P0"", ""build"": ""1.1-50610"", ""failCount"": 0, ""name"": ""iOS-Unittests"", ""totalCount"": 310, ""url"": ""https://macbuild.hq.couchbase.com/xcode/api/integrations/filter/latest"", ""os"": ""iOS"", ""component"": ""UNIT"", ""result"": ""SUCCESS""}",17935,0,1
e620363d31e1bcbaddd51c9db2256a64,0,0,1433963053349666816,"{""build_id"": 193, ""priority"": ""P0"", ""build"": ""1.1-50610"", ""failCount"": 0, ""name"": ""iOS-Unittests"", ""totalCount"": 310, ""url"": ""https://macbuild.hq.couchbase.com/xcode/api/integrations/filter/latest"", ""os"": ""iOS"", ""component"": ""UNIT"", ""result"": ""SUCCESS""}",17938,0,1
b000236cbcfe6b885dbd3e59fcab1520,0,0,1433963655131103232,"{""build_id"": 194, ""priority"": ""P0"", ""build"": ""1.1-50610"", ""failCount"": 8, ""name"": ""iOS-Unittests"", ""totalCount"": 310, ""url"": ""https://macbuild.hq.couchbase.com/xcode/api/integrations/filter/latest"", ""os"": ""iOS"", ""component"": ""UNIT"", ""result"": ""UNSTABLE""}",17939,0,1
9ed8455c6d90cdd1d0608f1759a400cf,0,0,1433987700128415744,"{""build_id"": 207, ""priority"": ""P0"", ""build"": ""1.1-50610"", ""failCount"": 0, ""name"": ""iOS-Sanitytests"", ""totalCount"": 13, ""url"": ""https://macbuild.hq.couchbase.com/xcode/api/integrations/filter/latest"", ""os"": ""iOS"", ""component"": ""SANITY"", ""result"": ""SUCCESS""}",17932,0,1
29136c5517b4eef8f31386b6eb8747fc,0,0,1433991304992980992,"{""build_id"": 73, ""priority"": ""P0"", ""build"": ""1.1-50610"", ""failCount"": 0, ""name"": ""iOS-CBLMacUnittests"", ""totalCount"": 268, ""url"": ""https://macbuild.hq.couchbase.com/xcode/api/integrations/filter/latest"", ""os"": ""iOS"", ""component"": ""UNIT"", ""result"": ""SUCCESS""}",17942,0,1
5aa955c782e3a039a4d8675fd799af5f,0,0,1433993108594229248,"{""build_id"": 195, ""priority"": ""P0"", ""build"": ""1.1-50610"", ""failCount"": 0, ""name"": ""iOS-Unittests"", ""totalCount"": 310, ""url"": ""https://macbuild.hq.couchbase.com/xcode/api/integrations/filter/latest"", ""os"": ""iOS"", ""component"": ""UNIT"", ""result"": ""SUCCESS""}",17989,0,1
4c2b28879f059b96689a1566c54c39a6,0,0,1433993709532479488,"{""build_id"": 196, ""priority"": ""P0"", ""build"": ""1.1-50610"", ""failCount"": 0, ""name"": ""iOS-Unittests"", ""totalCount"": 310, ""url"": ""https://macbuild.hq.couchbase.com/xcode/api/integrations/filter/latest"", ""os"": ""iOS"", ""component"": ""UNIT"", ""result"": ""SUCCESS""}",18011,0,1
c4d89899e5109b7b58477d899ed9c205,0,0,1434064612746264576,"{""build_id"": 197, ""priority"": ""P0"", ""build"": ""1.1-50611"", ""failCount"": 0, ""name"": ""iOS-Unittests"", ""totalCount"": 310, ""url"": ""https://macbuild.hq.couchbase.com/xcode/api/integrations/filter/latest"", ""os"": ""iOS"", ""component"": ""UNIT"", ""result"": ""SUCCESS""}",18129,0,1
6576088d9c07ee472377647762044d47,0,0,1434074226247467008,"{""build_id"": 208, ""priority"": ""P0"", ""build"": ""1.1-50611"", ""failCount"": 0, ""name"": ""iOS-Sanitytests"", ""totalCount"": 13, ""url"": ""https://macbuild.hq.couchbase.com/xcode/api/integrations/filter/latest"", ""os"": ""iOS"", ""component"": ""SANITY"", ""result"": ""SUCCESS""}",18141,0,1
1cef1f5dd1425acf5f7f0957b0723f5f,0,0,1434077831080968192,"{""build_id"": 74, ""priority"": ""P0"", ""build"": ""1.1-50611"", ""failCount"": 0, ""name"": ""iOS-CBLMacUnittests"", ""totalCount"": 270, ""url"": ""https://macbuild.hq.couchbase.com/xcode/api/integrations/filter/latest"", ""os"": ""iOS"", ""component"": ""UNIT"", ""result"": ""SUCCESS""}",18149,0,1
1464250fd76b8b6235e8ac6b9bb671cd,0,0,1434160748426625024,"{""build_id"": 209, ""priority"": ""P0"", ""build"": ""1.1-50612"", ""failCount"": 0, ""name"": ""iOS-Sanitytests"", ""totalCount"": 13, ""url"": ""https://macbuild.hq.couchbase.com/xcode/api/integrations/filter/latest"", ""os"": ""iOS"", ""component"": ""SANITY"", ""result"": ""SUCCESS""}",18347,0,1
05984c632f7d19812c943f2db75e3f2f,0,0,1434164353128267776,"{""build_id"": 75, ""priority"": ""P0"", ""build"": ""1.1-50612"", ""failCount"": 0, ""name"": ""iOS-CBLMacUnittests"", ""totalCount"": 270, ""url"": ""https://macbuild.hq.couchbase.com/xcode/api/integrations/filter/latest"", ""os"": ""iOS"", ""component"": ""UNIT"", ""result"": ""SUCCESS""}",18355,0,1
4e6d73fb4e48c43016cb6ce4792922ce,0,0,1434247263328600064,"{""build_id"": 210, ""priority"": ""P0"", ""build"": ""1.1-50613"", ""failCount"": 0, ""name"": ""iOS-Sanitytests"", ""totalCount"": 13, ""url"": ""https://macbuild.hq.couchbase.com/xcode/api/integrations/filter/latest"", ""os"": ""iOS"", ""component"": ""SANITY"", ""result"": ""SUCCESS""}",18558,0,1
0a7f568b1b93eb450039ae6d7e4185a4,0,0,1434250868171866112,"{""build_id"": 76, ""priority"": ""P0"", ""build"": ""1.1-50613"", ""failCount"": 0, ""name"": ""iOS-CBLMacUnittests"", ""totalCount"": 270, ""url"": ""https://macbuild.hq.couchbase.com/xcode/api/integrations/filter/latest"", ""os"": ""iOS"", ""component"": ""UNIT"", ""result"": ""SUCCESS""}",18566,0,1
7b9b49beabb746da13a6f2f1cfd02dd5,0,0,1434333775795585024,"{""build_id"": 211, ""priority"": ""P0"", ""build"": ""1.1-50614"", ""failCount"": 0, ""name"": ""iOS-Sanitytests"", ""totalCount"": 13, ""url"": ""https://macbuild.hq.couchbase.com/xcode/api/integrations/filter/latest"", ""os"": ""iOS"", ""component"": ""SANITY"", ""result"": ""SUCCESS""}",18756,0,1
1d16e7df05cb3f2f23d5a7c3086450d9,0,0,1434337380499587072,"{""build_id"": 77, ""priority"": ""P0"", ""build"": ""1.1-50614"", ""failCount"": 0, ""name"": ""iOS-CBLMacUnittests"", ""totalCount"": 270, ""url"": ""https://macbuild.hq.couchbase.com/xcode/api/integrations/filter/latest"", ""os"": ""iOS"", ""component"": ""UNIT"", ""result"": ""SUCCESS""}",18764,0,1
f241deca68b43c160f6d1027c1548d9e,0,0,1434419696816553984,"{""build_id"": 212, ""priority"": ""P0"", ""build"": ""1.1-50615"", ""failCount"": 0, ""name"": ""iOS-Sanitytests"", ""totalCount"": 13, ""url"": ""https://macbuild.hq.couchbase.com/xcode/api/integrations/filter/latest"", ""os"": ""iOS"", ""component"": ""SANITY"", ""result"": ""SUCCESS""}",18973,0,1
9b063040d3c45f1a292519edf4e3620c,0,0,1434423301966987264,"{""build_id"": 78, ""priority"": ""P0"", ""build"": ""1.1-50615"", ""failCount"": 0, ""name"": ""iOS-CBLMacUnittests"", ""totalCount"": 270, ""url"": ""https://macbuild.hq.couchbase.com/xcode/api/integrations/filter/latest"", ""os"": ""iOS"", ""component"": ""UNIT"", ""result"": ""SUCCESS""}",18981,0,1
8af08e4a30e57d64b6de4872b0b717f1,0,0,1434472567005249536,"{""build_id"": 198, ""priority"": ""P0"", ""build"": ""1.1-50616"", ""failCount"": 0, ""name"": ""iOS-Unittests"", ""totalCount"": 310, ""url"": ""https://macbuild.hq.couchbase.com/xcode/api/integrations/filter/latest"", ""os"": ""iOS"", ""component"": ""UNIT"", ""result"": ""SUCCESS""}",18848,0,1
efaf98d2fdee0b5af61636929162526e,0,0,1434473168042065920,"{""build_id"": 199, ""priority"": ""P0"", ""build"": ""1.1-50616"", ""failCount"": 0, ""name"": ""iOS-Unittests"", ""totalCount"": 310, ""url"": ""https://macbuild.hq.couchbase.com/xcode/api/integrations/filter/latest"", ""os"": ""iOS"", ""component"": ""UNIT"", ""result"": ""SUCCESS""}",19165,0,1
d62114917d333f821d09b4673dc2b315,0,0,1434483641596510208,"{""build_id"": 31, ""priority"": ""P0"", ""name"": ""couchbase-cblite-tests"", ""url"": ""http://mobile.jenkins.couchbase.com/job/couchbase-cblite-tests/"", ""component"": ""CBLITE"", ""failCount"": 64, ""totalCount"": 177, ""result"": ""UNSTABLE"", ""duration"": 1038569, ""os"": ""CBLITE"", ""build"": ""1.1-50603""}",19190,0,1
667f1885813b7ee1a1b9b9e735774dc2,0,0,1434483641607585792,"{""build_id"": 30, ""priority"": ""P0"", ""name"": ""couchbase-cblite-tests"", ""url"": ""http://mobile.jenkins.couchbase.com/job/couchbase-cblite-tests/"", ""component"": ""CBLITE"", ""failCount"": 64, ""totalCount"": 177, ""result"": ""UNSTABLE"", ""duration"": 1044160, ""os"": ""CBLITE"", ""build"": ""1.1-50601""}",19189,0,1
464941ef36df7cd39ce436fc35e0c160,0,0,1434483641630326784,"{""build_id"": 22, ""priority"": ""P0"", ""name"": ""couchbase-cblite-tests"", ""url"": ""http://mobile.jenkins.couchbase.com/job/couchbase-cblite-tests/"", ""component"": ""CBLITE"", ""failCount"": 177, ""totalCount"": 177, ""result"": ""SUCCESS"", ""duration"": 1140190, ""os"": ""CBLITE"", ""build"": ""1.1-50303""}",6108,0,1
d2a9fd0b75359dad5b42c28e477a9f0e,0,0,1434506216592375808,"{""build_id"": 213, ""priority"": ""P0"", ""build"": ""1.1-50616"", ""failCount"": 0, ""name"": ""iOS-Sanitytests"", ""totalCount"": 13, ""url"": ""https://macbuild.hq.couchbase.com/xcode/api/integrations/filter/latest"", ""os"": ""iOS"", ""component"": ""SANITY"", ""result"": ""SUCCESS""}",19178,0,1
d562e6b7d22f01fff75558803cecd101,0,0,1434509821636771840,"{""build_id"": 79, ""priority"": ""P0"", ""build"": ""1.1-50616"", ""failCount"": 0, ""name"": ""iOS-CBLMacUnittests"", ""totalCount"": 270, ""url"": ""https://macbuild.hq.couchbase.com/xcode/api/integrations/filter/latest"", ""os"": ""iOS"", ""component"": ""UNIT"", ""result"": ""SUCCESS""}",19186,0,1
1f24a9e814c2b6f6d7a5ba22d71e0bfc,0,0,1434584325404753920,"{""build_id"": 200, ""priority"": ""P0"", ""build"": ""1.1-50617"", ""failCount"": 0, ""name"": ""iOS-Unittests"", ""totalCount"": 310, ""url"": ""https://macbuild.hq.couchbase.com/xcode/api/integrations/filter/latest"", ""os"": ""iOS"", ""component"": ""UNIT"", ""result"": ""SUCCESS""}",19349,0,1
ee5513c9e9020e1fff88bb888a613aee,0,0,1434585527481401344,"{""build_id"": 201, ""priority"": ""P0"", ""build"": ""1.1-50617"", ""failCount"": 0, ""name"": ""iOS-Unittests"", ""totalCount"": 310, ""url"": ""https://macbuild.hq.couchbase.com/xcode/api/integrations/filter/latest"", ""os"": ""iOS"", ""component"": ""UNIT"", ""result"": ""SUCCESS""}",19192,0,1
d1df4aab15a3922e88a1f37c2a849c7e,0,0,1434592739735699456,"{""build_id"": 214, ""priority"": ""P0"", ""build"": ""1.1-50617"", ""failCount"": 0, ""name"": ""iOS-Sanitytests"", ""totalCount"": 13, ""url"": ""https://macbuild.hq.couchbase.com/xcode/api/integrations/filter/latest"", ""os"": ""iOS"", ""component"": ""SANITY"", ""result"": ""SUCCESS""}",19334,0,1
d23be56ef327d073ff3f4b3130663183,0,0,1434596344718884864,"{""build_id"": 80, ""priority"": ""P0"", ""build"": ""1.1-50617"", ""failCount"": 0, ""name"": ""iOS-CBLMacUnittests"", ""totalCount"": 270, ""url"": ""https://macbuild.hq.couchbase.com/xcode/api/integrations/filter/latest"", ""os"": ""iOS"", ""component"": ""UNIT"", ""result"": ""SUCCESS""}",19334,0,1
cf26bdaf207439d6efa287419acf8065,0,0,1434612566091628544,"{""build_id"": 202, ""priority"": ""P0"", ""build"": ""1.1-50618"", ""failCount"": 0, ""name"": ""iOS-Unittests"", ""totalCount"": 310, ""url"": ""https://macbuild.hq.couchbase.com/xcode/api/integrations/filter/latest"", ""os"": ""iOS"", ""component"": ""UNIT"", ""result"": ""SUCCESS""}",19235,0,1
9997d333ce046ef7045168eb528ecfe1,0,0,1434652219631992832,"{""build_id"": 203, ""priority"": ""P0"", ""build"": ""1.1-50618"", ""failCount"": 0, ""name"": ""iOS-Unittests"", ""totalCount"": 310, ""url"": ""https://macbuild.hq.couchbase.com/xcode/api/integrations/filter/latest"", ""os"": ""iOS"", ""component"": ""UNIT"", ""result"": ""SUCCESS""}",19256,0,1
41f1fe75efc68da9e56076cc5d667954,0,0,1434652821296513024,"{""build_id"": 204, ""priority"": ""P0"", ""build"": ""1.1-50618"", ""failCount"": 0, ""name"": ""iOS-Unittests"", ""totalCount"": 310, ""url"": ""https://macbuild.hq.couchbase.com/xcode/api/integrations/filter/latest"", ""os"": ""iOS"", ""component"": ""UNIT"", ""result"": ""SUCCESS""}",19191,0,1
7ca1f1634097a3d43d41022af3c41ae2,0,0,1434679274151870464,"{""build_id"": 215, ""priority"": ""P0"", ""build"": ""1.1-50618"", ""failCount"": 0, ""name"": ""iOS-Sanitytests"", ""totalCount"": 13, ""url"": ""https://macbuild.hq.couchbase.com/xcode/api/integrations/filter/latest"", ""os"": ""iOS"", ""component"": ""SANITY"", ""result"": ""SUCCESS""}",19333,0,1
a9231c07092fe5333710cf86205b4113,0,0,1434682878799577088,"{""build_id"": 81, ""priority"": ""P0"", ""build"": ""1.1-50618"", ""failCount"": 0, ""name"": ""iOS-CBLMacUnittests"", ""totalCount"": 270, ""url"": ""https://macbuild.hq.couchbase.com/xcode/api/integrations/filter/latest"", ""os"": ""iOS"", ""component"": ""UNIT"", ""result"": ""SUCCESS""}",19333,0,1
7502291f4b072c01a8e481507133d4a0,0,0,1434735749900337152,"{""build_id"": 205, ""priority"": ""P0"", ""build"": ""1.1-50619"", ""failCount"": 0, ""name"": ""iOS-Unittests"", ""totalCount"": 310, ""url"": ""https://macbuild.hq.couchbase.com/xcode/api/integrations/filter/latest"", ""os"": ""iOS"", ""component"": ""UNIT"", ""result"": ""SUCCESS""}",19320,0,1
4a161607c7e26684af3107a958681645,0,0,1434738753269399552,"{""build_id"": 206, ""priority"": ""P0"", ""build"": ""1.1-50619"", ""failCount"": 0, ""name"": ""iOS-Unittests"", ""totalCount"": 310, ""url"": ""https://macbuild.hq.couchbase.com/xcode/api/integrations/filter/latest"", ""os"": ""iOS"", ""component"": ""UNIT"", ""result"": ""SUCCESS""}",19194,0,1
fdb15705b43ac1f2ce33dfdacd721041,0,0,1434740555192139776,"{""build_id"": 208, ""priority"": ""P0"", ""build"": ""1.1-50619"", ""failCount"": 0, ""name"": ""iOS-Unittests"", ""totalCount"": 311, ""url"": ""https://macbuild.hq.couchbase.com/xcode/api/integrations/filter/latest"", ""os"": ""iOS"", ""component"": ""UNIT"", ""result"": ""SUCCESS""}",19191,0,1
cd2aaa34be4eb81820c47835628e4a70,0,0,1434741156045717504,"{""build_id"": 209, ""priority"": ""P0"", ""build"": ""1.1-50619"", ""failCount"": 0, ""name"": ""iOS-Unittests"", ""totalCount"": 311, ""url"": ""https://macbuild.hq.couchbase.com/xcode/api/integrations/filter/latest"", ""os"": ""iOS"", ""component"": ""UNIT"", ""result"": ""SUCCESS""}",19191,0,1
3e62eab2ad720a2fe5bf12d2b1b19c3c,0,0,1434747767306190848,"{""build_id"": 210, ""priority"": ""P0"", ""build"": ""1.1-50619"", ""failCount"": 0, ""name"": ""iOS-Unittests"", ""totalCount"": 311, ""url"": ""https://macbuild.hq.couchbase.com/xcode/api/integrations/filter/latest"", ""os"": ""iOS"", ""component"": ""UNIT"", ""result"": ""SUCCESS""}",19200,0,1
ffce849140da7a1f5d5fce3354929370,0,0,1434748368615243776,"{""build_id"": 211, ""priority"": ""P0"", ""build"": ""1.1-50619"", ""failCount"": 0, ""name"": ""iOS-Unittests"", ""totalCount"": 312, ""url"": ""https://macbuild.hq.couchbase.com/xcode/api/integrations/filter/latest"", ""os"": ""iOS"", ""component"": ""UNIT"", ""result"": ""SUCCESS""}",19191,0,1
7f3bfe1d2ec7b313477c36c469c7d85d,0,0,1434754977997455360,"{""build_id"": 212, ""priority"": ""P0"", ""build"": ""1.1-50619"", ""failCount"": 0, ""name"": ""iOS-Unittests"", ""totalCount"": 312, ""url"": ""https://macbuild.hq.couchbase.com/xcode/api/integrations/filter/latest"", ""os"": ""iOS"", ""component"": ""UNIT"", ""result"": ""SUCCESS""}",19201,0,1
c7c195a2d9569253252b29c881e86df1,0,0,1434755579434434560,"{""build_id"": 214, ""priority"": ""P0"", ""build"": ""1.1-50619"", ""failCount"": 1, ""name"": ""iOS-Unittests"", ""totalCount"": 312, ""url"": ""https://macbuild.hq.couchbase.com/xcode/api/integrations/filter/latest"", ""os"": ""iOS"", ""component"": ""UNIT"", ""result"": ""UNSTABLE""}",19191,0,1
3e338ecf4442286acd2167919e7bcc36,0,0,1434765794641313792,"{""build_id"": 216, ""priority"": ""P0"", ""build"": ""1.1-50619"", ""failCount"": 0, ""name"": ""iOS-Sanitytests"", ""totalCount"": 13, ""url"": ""https://macbuild.hq.couchbase.com/xcode/api/integrations/filter/latest"", ""os"": ""iOS"", ""component"": ""SANITY"", ""result"": ""SUCCESS""}",19324,0,1
a61f9d74497e8614161361bb9158bc3e,0,0,1434768798091051008,"{""build_id"": 82, ""priority"": ""P0"", ""build"": ""1.1-50619"", ""failCount"": 0, ""name"": ""iOS-CBLMacUnittests"", ""totalCount"": 270, ""url"": ""https://macbuild.hq.couchbase.com/xcode/api/integrations/filter/latest"", ""os"": ""iOS"", ""component"": ""UNIT"", ""result"": ""SUCCESS""}",19323,0,1
257438f3d08589add9cc84b9fbce6b9a,0,0,1434851700643725312,"{""build_id"": 217, ""priority"": ""P0"", ""build"": ""1.1-50620"", ""failCount"": 0, ""name"": ""iOS-Sanitytests"", ""totalCount"": 13, ""url"": ""https://macbuild.hq.couchbase.com/xcode/api/integrations/filter/latest"", ""os"": ""iOS"", ""component"": ""SANITY"", ""result"": ""SUCCESS""}",19333,0,1
4910c6b1c0852f35697f8145bfe69b36,0,0,1434855304715436032,"{""build_id"": 83, ""priority"": ""P0"", ""build"": ""1.1-50620"", ""failCount"": 1, ""name"": ""iOS-CBLMacUnittests"", ""totalCount"": 270, ""url"": ""https://macbuild.hq.couchbase.com/xcode/api/integrations/filter/latest"", ""os"": ""iOS"", ""component"": ""UNIT"", ""result"": ""UNSTABLE""}",19334,0,1
7f2db7e6abd494be31d0d127eb891d87,0,0,1434938248198684672,"{""build_id"": 218, ""priority"": ""P0"", ""build"": ""1.1-50621"", ""failCount"": 1, ""name"": ""iOS-Sanitytests"", ""totalCount"": 13, ""url"": ""https://macbuild.hq.couchbase.com/xcode/api/integrations/filter/latest"", ""os"": ""iOS"", ""component"": ""SANITY"", ""result"": ""UNSTABLE""}",19334,0,1
0f2f0028b9117b0e41fa751147bae23d,0,0,1434941852880404480,"{""build_id"": 84, ""priority"": ""P0"", ""build"": ""1.1-50621"", ""failCount"": 1, ""name"": ""iOS-CBLMacUnittests"", ""totalCount"": 270, ""url"": ""https://macbuild.hq.couchbase.com/xcode/api/integrations/filter/latest"", ""os"": ""iOS"", ""component"": ""UNIT"", ""result"": ""UNSTABLE""}",19334,0,1
ef5f8ce201e9e21c25e88f2b7ea64864,0,0,1435025392117547008,"{""build_id"": 219, ""priority"": ""P0"", ""build"": ""1.1-50622"", ""failCount"": 0, ""name"": ""iOS-Sanitytests"", ""totalCount"": 13, ""url"": ""https://macbuild.hq.couchbase.com/xcode/api/integrations/filter/latest"", ""os"": ""iOS"", ""component"": ""SANITY"", ""result"": ""SUCCESS""}",19335,0,1
bf2289b4d73f4c5e45fe606f16e40b0c,0,0,1435027794786975744,"{""build_id"": 85, ""priority"": ""P0"", ""build"": ""1.1-50622"", ""failCount"": 1, ""name"": ""iOS-CBLMacUnittests"", ""totalCount"": 270, ""url"": ""https://macbuild.hq.couchbase.com/xcode/api/integrations/filter/latest"", ""os"": ""iOS"", ""component"": ""UNIT"", ""result"": ""UNSTABLE""}",19333,0,1
def9d150ab22284866c401aabee22196,0,0,1435084818662424576,"{""build_id"": 86, ""priority"": ""P0"", ""build"": ""1.1-50623"", ""failCount"": 1, ""name"": ""iOS-CBLMacUnittests"", ""totalCount"": 270, ""url"": ""https://macbuild.hq.couchbase.com/xcode/api/integrations/filter/latest"", ""os"": ""iOS"", ""component"": ""UNIT"", ""result"": ""UNSTABLE""}",19192,0,1
7015004da0f3f31c410373fab2b74067,0,0,1435095628338036736,"{""build_id"": 87, ""priority"": ""P0"", ""build"": ""1.1-50623"", ""failCount"": 1, ""name"": ""iOS-CBLMacUnittests"", ""totalCount"": 6, ""url"": ""https://macbuild.hq.couchbase.com/xcode/api/integrations/filter/latest"", ""os"": ""iOS"", ""component"": ""UNIT"", ""result"": ""UNSTABLE""}",19208,0,1
27444f4e5f9ad4570fff65fcefdc322e,0,0,1435095628338561024,"{""build_id"": 215, ""priority"": ""P0"", ""build"": ""1.1-50623"", ""failCount"": 1, ""name"": ""iOS-Unittests"", ""totalCount"": 312, ""url"": ""https://macbuild.hq.couchbase.com/xcode/api/integrations/filter/latest"", ""os"": ""iOS"", ""component"": ""UNIT"", ""result"": ""UNSTABLE""}",19663,0,1
dbb40c4c94487c148a3ab8d489dedb97,0,0,1435096229342347264,"{""build_id"": 220, ""priority"": ""P0"", ""build"": ""1.1-50623"", ""failCount"": 2, ""name"": ""iOS-Sanitytests"", ""totalCount"": 13, ""url"": ""https://macbuild.hq.couchbase.com/xcode/api/integrations/filter/latest"", ""os"": ""iOS"", ""component"": ""SANITY"", ""result"": ""UNSTABLE""}",19215,0,1
e8798b2ccabf2ea5bb3138eaa6cd9c9c,0,0,1435096229343002624,"{""build_id"": 88, ""priority"": ""P0"", ""build"": ""1.1-50623"", ""failCount"": 1, ""name"": ""iOS-CBLMacUnittests"", ""totalCount"": 6, ""url"": ""https://macbuild.hq.couchbase.com/xcode/api/integrations/filter/latest"", ""os"": ""iOS"", ""component"": ""UNIT"", ""result"": ""UNSTABLE""}",19191,0,1
9adc2563bccbc4eccdb86fbe3eff813f,0,0,1435269752036655104,"{""build_id"": 226, ""priority"": ""P0"", ""build"": ""1.1-50625"", ""failCount"": 0, ""name"": ""iOS-Sanitytests"", ""totalCount"": 13, ""url"": ""https://macbuild.hq.couchbase.com/xcode/api/integrations/filter/latest"", ""os"": ""iOS"", ""component"": ""SANITY"", ""result"": ""SUCCESS""}",19191,0,1
addf7b3deedc77da42518957fa4bfd52,0,0,1435273955503374336,"{""build_id"": 227, ""priority"": ""P0"", ""build"": ""1.1-50625"", ""failCount"": 0, ""name"": ""iOS-Sanitytests"", ""totalCount"": 13, ""url"": ""https://macbuild.hq.couchbase.com/xcode/api/integrations/filter/latest"", ""os"": ""iOS"", ""component"": ""SANITY"", ""result"": ""SUCCESS""}",19197,0,1
0c0b87110a750c2969634cb4f7373fd2,0,0,1435282960633692160,"{""build_id"": 228, ""priority"": ""P0"", ""build"": ""1.1-50625"", ""failCount"": 0, ""name"": ""iOS-Sanitytests"", ""totalCount"": 13, ""url"": ""https://macbuild.hq.couchbase.com/xcode/api/integrations/filter/latest"", ""os"": ""iOS"", ""component"": ""SANITY"", ""result"": ""SUCCESS""}",19204,0,1
176f0ebdb756ffc1ed83f195c3e0b28a,0,0,1435287763601522688,"{""build_id"": 94, ""priority"": ""P0"", ""build"": ""1.1-50625"", ""failCount"": 0, ""name"": ""iOS-CBLMacUnittests"", ""totalCount"": 277, ""url"": ""https://macbuild.hq.couchbase.com/xcode/api/integrations/filter/latest"", ""os"": ""iOS"", ""component"": ""UNIT"", ""result"": ""SUCCESS""}",19219,0,1
265940d6e1b9db80d566ddfa5cc12580,0,0,1435290765681688576,"{""build_id"": 224, ""priority"": ""P0"", ""build"": ""1.1-50625"", ""failCount"": 0, ""name"": ""iOS-Unittests"", ""totalCount"": 317, ""url"": ""https://macbuild.hq.couchbase.com/xcode/api/integrations/filter/latest"", ""os"": ""iOS"", ""component"": ""UNIT"", ""result"": ""SUCCESS""}",19224,0,1
0fc01b167b3ea96df687506ed176a594,0,0,1435364609838219264,"{""build_id"": 95, ""priority"": ""P0"", ""build"": ""1.1-50626"", ""failCount"": 0, ""name"": ""iOS-CBLMacUnittests"", ""totalCount"": 277, ""url"": ""https://macbuild.hq.couchbase.com/xcode/api/integrations/filter/latest"", ""os"": ""iOS"", ""component"": ""UNIT"", ""result"": ""SUCCESS""}",19313,0,1
ad6b42bb785c54425cbd665d33a34484,0,0,1435364609838678016,"{""build_id"": 229, ""priority"": ""P0"", ""build"": ""1.1-50626"", ""failCount"": 0, ""name"": ""iOS-Sanitytests"", ""totalCount"": 13, ""url"": ""https://macbuild.hq.couchbase.com/xcode/api/integrations/filter/latest"", ""os"": ""iOS"", ""component"": ""SANITY"", ""result"": ""SUCCESS""}",19320,0,1
078c2417222bc79a2cb39ea0757b4c5a,0,0,1435364609839202304,"{""build_id"": 225, ""priority"": ""P0"", ""build"": ""1.1-50626"", ""failCount"": 0, ""name"": ""iOS-Unittests"", ""totalCount"": 317, ""url"": ""https://macbuild.hq.couchbase.com/xcode/api/integrations/filter/latest"", ""os"": ""iOS"", ""component"": ""UNIT"", ""result"": ""SUCCESS""}",19308,0,1
